dataset,pair_idx,rel_position,margin
PRS,0,0,-0.734992504119873
PRS,0,1,-1.4051094055175781
PRS,0,2,-0.7680187225341797
PRS,0,3,-1.2466912269592285
PRS,0,4,1.586228370666504
PRS,0,5,2.9278388023376465
PRS,0,6,1.015366554260254
PRS,0,7,0.1646103858947754
PRS,0,8,1.9242241382598877
PRS,0,9,1.2382867336273193
PRS,0,10,0.7811002731323242
PRS,0,11,1.710128903388977
PRS,0,12,0.9362550973892212
PRS,0,13,1.6213582754135132
PRS,0,14,0.8193349838256836
PRS,1,0,0.0393223762512207
PRS,1,1,-0.625575065612793
PRS,1,2,-0.09266471862792969
PRS,1,3,-2.264282703399658
PRS,1,4,-0.8987092971801758
PRS,1,5,-1.0339860916137695
PRS,1,6,-1.818037986755371
PRS,1,7,-1.124028205871582
PRS,1,8,0.8133573532104492
PRS,1,9,-2.1756720542907715
PRS,1,10,0.3680267333984375
PRS,1,11,-0.05271291732788086
PRS,1,12,-0.6039738655090332
PRS,1,13,-1.1948695182800293
PRS,1,14,-0.03365945816040039
PRS,2,0,0.039320945739746094
PRS,2,1,-0.4724912643432617
PRS,2,2,-0.6355929374694824
PRS,2,3,-0.9832544326782227
PRS,2,4,-0.5399975776672363
PRS,2,5,-1.284090518951416
PRS,2,6,0.5325431823730469
PRS,2,7,-1.3175029754638672
PRS,2,8,-0.2644176483154297
PRS,2,9,0.9512166976928711
PRS,2,10,1.387486457824707
PRS,2,11,-0.49455976486206055
PRS,2,12,1.2994389533996582
PRS,2,13,1.1571588516235352
PRS,2,14,-0.4261331558227539
PRS,3,0,-0.7349915504455566
PRS,3,1,-1.40510892868042
PRS,3,2,-0.9164948463439941
PRS,3,3,-0.10764503479003906
PRS,3,4,-0.2623252868652344
PRS,3,5,-2.1277942657470703
PRS,3,6,-0.7355098724365234
PRS,3,7,0.10030841827392578
PRS,3,8,-1.0735697746276855
PRS,3,9,1.1363420486450195
PRS,3,10,0.8455400466918945
PRS,3,11,0.6932621002197266
PRS,3,12,-1.6147236824035645
PRS,3,13,-2.9879841804504395
PRS,3,14,-0.6176815032958984
PRS,4,0,0.0393223762512207
PRS,4,1,-0.6255731582641602
PRS,4,2,0.26349639892578125
PRS,4,3,-0.3771042823791504
PRS,4,4,1.781700849533081
PRS,4,5,-0.5053195953369141
PRS,4,6,-0.6182172298431396
PRS,4,7,-0.7365967035293579
PRS,4,8,-0.07157635688781738
PRS,4,9,-1.6839096546173096
PRS,4,10,1.8332619667053223
PRS,4,11,-1.9410297870635986
PRS,4,12,0.7512345314025879
PRS,4,13,-1.9459083080291748
PRS,4,14,1.325510025024414
PRS,5,0,-0.734992504119873
PRS,5,1,-1.0434989929199219
PRS,5,2,-0.8295807838439941
PRS,5,3,-1.341489315032959
PRS,5,4,0.14444923400878906
PRS,5,5,-0.789583683013916
PRS,5,6,-0.32491207122802734
PRS,5,7,-0.293912410736084
PRS,5,8,-0.17949676513671875
PRS,5,9,-0.19355010986328125
PRS,5,10,-0.38356828689575195
PRS,5,11,-1.2034521102905273
PRS,5,12,0.30239391326904297
PRS,5,13,-1.0259613990783691
PRS,5,14,1.078688144683838
PRS,6,0,-0.7349920272827148
PRS,6,1,-0.22119426727294922
PRS,6,2,-1.6704216003417969
PRS,6,3,-0.3210029602050781
PRS,6,4,-0.6258230209350586
PRS,6,5,0.34636354446411133
PRS,6,6,-0.9058198928833008
PRS,6,7,0.7238025665283203
PRS,6,8,-0.533696174621582
PRS,6,9,-1.626469612121582
PRS,6,10,-0.15233898162841797
PRS,6,11,0.1616678237915039
PRS,6,12,-0.6407876014709473
PRS,6,13,-0.37539100646972656
PRS,6,14,-0.28606414794921875
PRS,7,0,-0.7349920272827148
PRS,7,1,-1.9778661727905273
PRS,7,2,0.037774085998535156
PRS,7,3,-0.05169105529785156
PRS,7,4,-0.4252481460571289
PRS,7,5,0.8301973342895508
PRS,7,6,-0.26704978942871094
PRS,7,7,-0.6542611122131348
PRS,7,8,0.4356546401977539
PRS,7,9,0.1716451644897461
PRS,7,10,1.655087947845459
PRS,7,11,-0.739936351776123
PRS,7,12,-0.8496489524841309
PRS,7,13,0.8739051818847656
PRS,7,14,-1.0441875457763672
PRS,8,0,-0.12105512619018555
PRS,8,1,-0.3652925491333008
PRS,8,2,2.113034725189209
PRS,8,3,-0.7133264541625977
PRS,8,4,-1.7340011596679688
PRS,8,5,-1.4477405548095703
PRS,8,6,-0.9212918281555176
PRS,8,7,-0.5815954208374023
PRS,8,8,-0.50390625
PRS,8,9,-0.4975271224975586
PRS,8,10,-1.3265080451965332
PRS,8,11,-0.4373588562011719
PRS,8,12,-0.3286705017089844
PRS,8,13,-1.0062494277954102
PRS,8,14,0.48680973052978516
PRS,9,0,-0.734992504119873
PRS,9,1,1.1265413761138916
PRS,9,2,0.4515805244445801
PRS,9,3,-0.3308091163635254
PRS,9,4,-0.8051018714904785
PRS,9,5,-0.7658147811889648
PRS,9,6,-0.8046560287475586
PRS,9,7,-0.6871519088745117
PRS,9,8,-0.9246106147766113
PRS,9,9,-1.464515209197998
PRS,9,10,0.3844633102416992
PRS,9,11,0.5807275772094727
PRS,9,12,0.7346076965332031
PRS,9,13,-0.7257485389709473
PRS,9,14,-0.016163349151611328
PRS,10,0,-0.7349915504455566
PRS,10,1,-1.977865219116211
PRS,10,2,0.03777456283569336
PRS,10,3,-0.05169105529785156
PRS,10,4,-0.4252457618713379
PRS,10,5,0.9987030029296875
PRS,10,6,0.42421770095825195
PRS,10,7,-1.5699701309204102
PRS,10,8,0.20014524459838867
PRS,10,9,-0.6327147483825684
PRS,10,10,-1.1336398124694824
PRS,10,11,-0.30996084213256836
PRS,10,12,0.11766719818115234
PRS,10,13,-0.5141124725341797
PRS,10,14,-0.2497406005859375
PRS,11,0,-0.12105512619018555
PRS,11,1,-1.5855073928833008
PRS,11,2,-0.5599491596221924
PRS,11,3,0.058350563049316406
PRS,11,4,0.5606513023376465
PRS,11,5,0.44850969314575195
PRS,11,6,-2.000701427459717
PRS,11,7,-2.184864044189453
PRS,11,8,-1.2679762840270996
PRS,11,9,-2.4345030784606934
PRS,11,10,-2.2770333290100098
PRS,11,11,-2.0764126777648926
PRS,11,12,-1.881556510925293
PRS,11,13,-1.863680362701416
PRS,11,14,-1.0438458919525146
PRS,12,0,-0.7349929809570312
PRS,12,1,-1.40510892868042
PRS,12,2,-1.7072319984436035
PRS,12,3,-1.3041038513183594
PRS,12,4,-0.07783746719360352
PRS,12,5,-0.13151216506958008
PRS,12,6,-0.1853160858154297
PRS,12,7,0.3031134605407715
PRS,12,8,-0.5351495742797852
PRS,12,9,-1.0215058326721191
PRS,12,10,-0.062458038330078125
PRS,12,11,-0.40105628967285156
PRS,12,12,-0.06853675842285156
PRS,12,13,-1.6085286140441895
PRS,12,14,-0.20662736892700195
PRS,13,0,-0.7349920272827148
PRS,13,1,-0.6736807823181152
PRS,13,2,-0.45693492889404297
PRS,13,3,-0.9545958042144775
PRS,13,4,2.43142032623291
PRS,13,5,-0.1105647087097168
PRS,13,6,0.740572452545166
PRS,13,7,-0.7309508323669434
PRS,13,8,1.3999381065368652
PRS,13,9,0.6510295867919922
PRS,13,10,-0.11754083633422852
PRS,13,11,2.4559326171875
PRS,13,12,-1.6177978515625
PRS,13,13,0.7669944763183594
PRS,13,14,0.22269582748413086
PRS,14,0,-0.7349920272827148
PRS,14,1,-0.4150581359863281
PRS,14,2,-1.8199095726013184
PRS,14,3,-1.9360923767089844
PRS,14,4,-1.0425848960876465
PRS,14,5,-1.1041483879089355
PRS,14,6,-0.9752316474914551
PRS,14,7,-2.098654270172119
PRS,14,8,-0.20356464385986328
PRS,14,9,-0.3050112724304199
PRS,14,10,0.27931880950927734
PRS,14,11,-0.46991825103759766
PRS,14,12,-0.14539337158203125
PRS,14,13,-2.539006233215332
PRS,14,14,-1.1723228693008423
PRS,15,0,0.0393218994140625
PRS,15,1,-1.797494888305664
PRS,15,2,-0.3588523864746094
PRS,15,3,-0.981877326965332
PRS,15,4,-1.3678159713745117
PRS,15,5,0.6728785037994385
PRS,15,6,1.905397891998291
PRS,15,7,1.7767744064331055
PRS,15,8,1.4153943061828613
PRS,15,9,0.5220389366149902
PRS,15,10,0.8842768669128418
PRS,15,11,0.726292610168457
PRS,15,12,0.5411901473999023
PRS,15,13,0.6897201538085938
PRS,15,14,1.5816688537597656
PRS,16,0,0.0393223762512207
PRS,16,1,0.09298229217529297
PRS,16,2,-0.9110345840454102
PRS,16,3,-1.167402744293213
PRS,16,4,-0.4405088424682617
PRS,16,5,-0.27492237091064453
PRS,16,6,-1.2857112884521484
PRS,16,7,-1.39569091796875
PRS,16,8,-1.3340811729431152
PRS,16,9,0.7163705825805664
PRS,16,10,-2.035658359527588
PRS,16,11,0.32613515853881836
PRS,16,12,-0.0829920768737793
PRS,16,13,0.1282510757446289
PRS,16,14,-1.7841520309448242
PRS,17,0,-0.7349915504455566
PRS,17,1,1.7485296726226807
PRS,17,2,-2.1522626876831055
PRS,17,3,0.0301361083984375
PRS,17,4,-1.4314136505126953
PRS,17,5,-1.229358196258545
PRS,17,6,-2.0932774543762207
PRS,17,7,-0.7173480987548828
PRS,17,8,-0.7361116409301758
PRS,17,9,-0.25412750244140625
PRS,17,10,-0.6638898849487305
PRS,17,11,-0.1323566436767578
PRS,17,12,-0.09647846221923828
PRS,17,13,-1.0902581214904785
PRS,17,14,0.5757713317871094
PRS,18,0,-0.12105512619018555
PRS,18,1,-1.8360018730163574
PRS,18,2,-2.3532252311706543
PRS,18,3,0.06098055839538574
PRS,18,4,-1.5999125242233276
PRS,18,5,-1.0554758310317993
PRS,18,6,1.475662350654602
PRS,18,7,-0.3951861262321472
PRS,18,8,2.4320688247680664
PRS,18,9,1.0947767496109009
PRS,18,10,2.8730850219726562
PRS,18,11,2.3056416511535645
PRS,18,12,2.613847255706787
PRS,18,13,2.8536901473999023
PRS,18,14,3.0532073974609375
PRS,19,0,-0.7349920272827148
PRS,19,1,-1.977865219116211
PRS,19,2,-1.1708364486694336
PRS,19,3,-1.2348017692565918
PRS,19,4,-1.4781017303466797
PRS,19,5,-1.9565019607543945
PRS,19,6,-0.466644287109375
PRS,19,7,-1.0516843795776367
PRS,19,8,-1.059903621673584
PRS,19,9,-0.2545747756958008
PRS,19,10,-0.3799629211425781
PRS,19,11,0.12623023986816406
PRS,19,12,0.24647903442382812
PRS,19,13,-0.5337729454040527
PRS,19,14,-0.5061855316162109
PRS,20,0,-0.7349920272827148
PRS,20,1,-0.5617961883544922
PRS,20,2,-0.8309240341186523
PRS,20,3,-0.5812735557556152
PRS,20,4,0.44912242889404297
PRS,20,5,1.2940149307250977
PRS,20,6,-0.2090458869934082
PRS,20,7,-0.6181068420410156
PRS,20,8,-0.6840548515319824
PRS,20,9,-1.7970118522644043
PRS,20,10,-1.4626893997192383
PRS,20,11,-0.015933513641357422
PRS,20,12,-1.1826233863830566
PRS,20,13,-1.6030960083007812
PRS,20,14,-1.450223445892334
PRS,21,0,-0.7349920272827148
PRS,21,1,-0.561795711517334
PRS,21,2,-0.8309235572814941
PRS,21,3,-0.5812735557556152
PRS,21,4,0.4491233825683594
PRS,21,5,1.294015884399414
PRS,21,6,-0.2090473175048828
PRS,21,7,-0.6181063652038574
PRS,21,8,-0.6840534210205078
PRS,21,9,-1.797010898590088
PRS,21,10,-1.4626898765563965
PRS,21,11,-0.015934467315673828
PRS,21,12,-1.1826229095458984
PRS,21,13,-1.6030974388122559
PRS,21,14,-1.4502239227294922
PRS,22,0,-0.734992504119873
PRS,22,1,-0.561795711517334
PRS,22,2,-0.8309230804443359
PRS,22,3,-0.5812735557556152
PRS,22,4,0.4491233825683594
PRS,22,5,1.294015884399414
PRS,22,6,-0.2090468406677246
PRS,22,7,-0.6181063652038574
PRS,22,8,-0.6840534210205078
PRS,22,9,-1.7970128059387207
PRS,22,10,-1.46268892288208
PRS,22,11,-0.015933513641357422
PRS,22,12,-1.182621955871582
PRS,22,13,-1.6030960083007812
PRS,22,14,-1.4502239227294922
PRS,23,0,-0.734992504119873
PRS,23,1,0.022263050079345703
PRS,23,2,-0.33935546875
PRS,23,3,-1.226661205291748
PRS,23,4,-1.899444580078125
PRS,23,5,-0.5575523376464844
PRS,23,6,-0.9948015213012695
PRS,23,7,-0.7561583518981934
PRS,23,8,-0.6637768745422363
PRS,23,9,-1.0215072631835938
PRS,23,10,-0.42782115936279297
PRS,23,11,-0.0812063217163086
PRS,23,12,0.1449270248413086
PRS,23,13,0.059424400329589844
PRS,23,14,0.09563064575195312
PRS,24,0,-0.7349929809570312
PRS,24,1,1.1265408992767334
PRS,24,2,-0.5335297584533691
PRS,24,3,0.07426261901855469
PRS,24,4,0.11394214630126953
PRS,24,5,0.12726497650146484
PRS,24,6,1.4210865497589111
PRS,24,7,-1.2636418342590332
PRS,24,8,0.7514369487762451
PRS,24,9,-2.018946886062622
PRS,24,10,-0.3056511878967285
PRS,24,11,-0.016609668731689453
PRS,24,12,-0.4568665027618408
PRS,24,13,2.627246141433716
PRS,24,14,4.6876020431518555
PRS,25,0,-0.7349920272827148
PRS,25,1,1.1265406608581543
PRS,25,2,-0.533531665802002
PRS,25,3,0.07426214218139648
PRS,25,4,0.11393928527832031
PRS,25,5,0.12726402282714844
PRS,25,6,1.421086311340332
PRS,25,7,-1.2636399269104004
PRS,25,8,0.7514402866363525
PRS,25,9,-2.0189437866210938
PRS,25,10,-0.3056492805480957
PRS,25,11,-0.01660776138305664
PRS,25,12,-0.4568641185760498
PRS,25,13,2.6272473335266113
PRS,25,14,4.687602519989014
PRS,26,0,-0.7349920272827148
PRS,26,1,1.126542091369629
PRS,26,2,-0.5335297584533691
PRS,26,3,0.07426214218139648
PRS,26,4,0.11394023895263672
PRS,26,5,0.12726545333862305
PRS,26,6,1.4210853576660156
PRS,26,7,-1.263638973236084
PRS,26,8,0.7514410018920898
PRS,26,9,-2.01894474029541
PRS,26,10,-0.3056507110595703
PRS,26,11,-0.016609668731689453
PRS,26,12,-0.4568626880645752
PRS,26,13,2.6272478103637695
PRS,26,14,4.6876020431518555
PRS,27,0,-0.7349929809570312
PRS,27,1,-0.5192203521728516
PRS,27,2,-0.4411916732788086
PRS,27,3,1.088313341140747
PRS,27,4,2.613116979598999
PRS,27,5,0.6364603042602539
PRS,27,6,0.9121286869049072
PRS,27,7,1.492685079574585
PRS,27,8,1.9694924354553223
PRS,27,9,2.1232964992523193
PRS,27,10,-2.03704833984375
PRS,27,11,-1.087785243988037
PRS,27,12,3.285310983657837
PRS,27,13,1.8547630310058594
PRS,27,14,-0.6985108852386475
PRS,28,0,0.0393218994140625
PRS,28,1,0.24076461791992188
PRS,28,2,0.9212584495544434
PRS,28,3,-0.8697199821472168
PRS,28,4,-0.7765951156616211
PRS,28,5,-1.4453644752502441
PRS,28,6,-0.6397371292114258
PRS,28,7,-0.9249200820922852
PRS,28,8,-1.5385875701904297
PRS,28,9,-1.610677719116211
PRS,28,10,-1.2076830863952637
PRS,28,11,-1.671048641204834
PRS,28,12,-2.293027877807617
PRS,28,13,-2.3250207901000977
PRS,28,14,-3.089317798614502
PRS,29,0,-0.7349920272827148
PRS,29,1,-0.026131629943847656
PRS,29,2,-2.1709847450256348
PRS,29,3,0.007342815399169922
PRS,29,4,-0.34101200103759766
PRS,29,5,-1.1793584823608398
PRS,29,6,-1.330500602722168
PRS,29,7,-2.5747766494750977
PRS,29,8,-1.2137832641601562
PRS,29,9,-1.0453081130981445
PRS,29,10,-1.6434307098388672
PRS,29,11,-0.20874595642089844
PRS,29,12,-0.883824348449707
PRS,29,13,-0.20726299285888672
PRS,29,14,-0.14728164672851562
PRS,30,0,0.0393218994140625
PRS,30,1,0.02873373031616211
PRS,30,2,-0.06648063659667969
PRS,30,3,-0.4337911605834961
PRS,30,4,0.9568004608154297
PRS,30,5,-0.1181178092956543
PRS,30,6,-0.16877317428588867
PRS,30,7,0.32632946968078613
PRS,30,8,-0.3420886993408203
PRS,30,9,0.07162237167358398
PRS,30,10,0.9560718536376953
PRS,30,11,0.2865791320800781
PRS,30,12,-1.599454402923584
PRS,30,13,-2.6571426391601562
PRS,30,14,-0.9138126373291016
PRS,31,0,-0.734992504119873
PRS,31,1,-1.40510892868042
PRS,31,2,-1.7072319984436035
PRS,31,3,-2.280036449432373
PRS,31,4,-1.0486927032470703
PRS,31,5,-1.2808942794799805
PRS,31,6,-0.7709102630615234
PRS,31,7,-0.9394111633300781
PRS,31,8,-0.2412586212158203
PRS,31,9,-2.0194621086120605
PRS,31,10,-0.14139652252197266
PRS,31,11,-0.15706157684326172
PRS,31,12,-0.21675586700439453
PRS,31,13,-0.8065109252929688
PRS,31,14,-0.2813434600830078
PRS,32,0,-0.734992504119873
PRS,32,1,-0.5192198753356934
PRS,32,2,-1.0604124069213867
PRS,32,3,0.5616942644119263
PRS,32,4,3.2483015060424805
PRS,32,5,3.2950191497802734
PRS,32,6,2.3245599269866943
PRS,32,7,1.8582537174224854
PRS,32,8,4.0395026206970215
PRS,32,9,2.756837844848633
PRS,32,10,0.2793998718261719
PRS,32,11,0.0471348762512207
PRS,32,12,-0.4107692241668701
PRS,32,13,0.7630789279937744
PRS,32,14,-1.5411847829818726
PRS,33,0,-0.7349929809570312
PRS,33,1,-0.519221305847168
PRS,33,2,-1.0604124069213867
PRS,33,3,0.5616939067840576
PRS,33,4,3.2483010292053223
PRS,33,5,3.2950174808502197
PRS,33,6,2.324559450149536
PRS,33,7,1.8582534790039062
PRS,33,8,4.0395026206970215
PRS,33,9,2.7568392753601074
PRS,33,10,0.279400110244751
PRS,33,11,0.0471339225769043
PRS,33,12,-0.4107694625854492
PRS,33,13,0.7630782127380371
PRS,33,14,-1.5411851406097412
PRS,34,0,-0.7349920272827148
PRS,34,1,1.126542091369629
PRS,34,2,-1.5176849365234375
PRS,34,3,-1.2676324844360352
PRS,34,4,-0.02556324005126953
PRS,34,5,1.8649265766143799
PRS,34,6,1.662470817565918
PRS,34,7,1.57737398147583
PRS,34,8,-2.105220317840576
PRS,34,9,0.24372625350952148
PRS,34,10,1.3491978645324707
PRS,34,11,-1.0053391456604004
PRS,34,12,-0.25547170639038086
PRS,34,13,-0.4074835777282715
PRS,34,14,0.8463244438171387
PRS,35,0,0.0393223762512207
PRS,35,1,-0.601468563079834
PRS,35,2,-1.752601146697998
PRS,35,3,-0.9489481449127197
PRS,35,4,-0.9166464805603027
PRS,35,5,1.6521008014678955
PRS,35,6,1.487103819847107
PRS,35,7,3.359369993209839
PRS,35,8,-0.704016923904419
PRS,35,9,3.7415690422058105
PRS,35,10,3.126878261566162
PRS,35,11,1.3832526206970215
PRS,35,12,1.6462006568908691
PRS,35,13,3.4044933319091797
PRS,35,14,2.7280611991882324
PRS,36,0,0.039320945739746094
PRS,36,1,0.2407665252685547
PRS,36,2,-0.8565454483032227
PRS,36,3,-0.9104743003845215
PRS,36,4,0.6277036666870117
PRS,36,5,0.4135255813598633
PRS,36,6,-1.462559700012207
PRS,36,7,-0.6039466857910156
PRS,36,8,-2.125422716140747
PRS,36,9,-0.5910568237304688
PRS,36,10,1.736252784729004
PRS,36,11,-1.7500200271606445
PRS,36,12,-0.28296613693237305
PRS,36,13,1.0088071823120117
PRS,36,14,-0.9051761627197266
PRS,37,0,0.0393223762512207
PRS,37,1,-0.7568941116333008
PRS,37,2,-2.3584141731262207
PRS,37,3,-1.1747732162475586
PRS,37,4,-0.5854043960571289
PRS,37,5,-0.44349002838134766
PRS,37,6,-1.076484203338623
PRS,37,7,-0.5157146453857422
PRS,37,8,-0.8420162200927734
PRS,37,9,-0.30659008026123047
PRS,37,10,-0.12851905822753906
PRS,37,11,-0.13620758056640625
PRS,37,12,-0.2925281524658203
PRS,37,13,-0.5461254119873047
PRS,37,14,-0.6087493896484375
PRS,38,0,-0.734992504119873
PRS,38,1,-1.40510892868042
PRS,38,2,-0.8072147369384766
PRS,38,3,1.787934422492981
PRS,38,4,0.1539139747619629
PRS,38,5,1.4974703788757324
PRS,38,6,1.3121938705444336
PRS,38,7,-1.0624771118164062
PRS,38,8,1.2790765762329102
PRS,38,9,-1.1593074798583984
PRS,38,10,-1.3721027374267578
PRS,38,11,1.3502305746078491
PRS,38,12,1.6866486072540283
PRS,38,13,2.528144359588623
PRS,38,14,0.06802773475646973
PRS,39,0,-0.7349920272827148
PRS,39,1,-0.5454525947570801
PRS,39,2,0.013031482696533203
PRS,39,3,-0.24156475067138672
PRS,39,4,2.6279687881469727
PRS,39,5,2.57548189163208
PRS,39,6,1.6612976789474487
PRS,39,7,2.302328109741211
PRS,39,8,1.2146587371826172
PRS,39,9,2.200747489929199
PRS,39,10,-0.566991925239563
PRS,39,11,0.2254631519317627
PRS,39,12,-0.9396898150444031
PRS,39,13,0.4285731315612793
PRS,39,14,0.660658597946167
PRS,40,0,-0.7349920272827148
PRS,40,1,-0.5454521179199219
PRS,40,2,0.013031005859375
PRS,40,3,-0.24156498908996582
PRS,40,4,2.627969741821289
PRS,40,5,2.5754823684692383
PRS,40,6,1.66129732131958
PRS,40,7,2.302328586578369
PRS,40,8,1.2146573066711426
PRS,40,9,2.2007482051849365
PRS,40,10,-0.5669926404953003
PRS,40,11,0.2254629135131836
PRS,40,12,-0.9396911859512329
PRS,40,13,0.4285726547241211
PRS,40,14,0.6606574058532715
PRS,41,0,-0.7349920272827148
PRS,41,1,-0.5454521179199219
PRS,41,2,0.013031005859375
PRS,41,3,-0.24156498908996582
PRS,41,4,2.627969741821289
PRS,41,5,2.5754823684692383
PRS,41,6,1.66129732131958
PRS,41,7,2.302328586578369
PRS,41,8,1.2146573066711426
PRS,41,9,2.2007482051849365
PRS,41,10,-0.5669926404953003
PRS,41,11,0.2254629135131836
PRS,41,12,-0.9396911859512329
PRS,41,13,0.4285726547241211
PRS,41,14,0.6606574058532715
PRS,42,0,-0.7349920272827148
PRS,42,1,-1.9778661727905273
PRS,42,2,-0.2846364974975586
PRS,42,3,0.3992295265197754
PRS,42,4,0.6000514030456543
PRS,42,5,1.1993675231933594
PRS,42,6,1.5502171516418457
PRS,42,7,2.051547050476074
PRS,42,8,1.4160008430480957
PRS,42,9,1.0552144050598145
PRS,42,10,-0.9783310890197754
PRS,42,11,-0.9830741882324219
PRS,42,12,-0.07108592987060547
PRS,42,13,1.3850469589233398
PRS,42,14,-0.4376363754272461
PRS,43,0,-0.7349920272827148
PRS,43,1,-0.5454521179199219
PRS,43,2,-0.4172019958496094
PRS,43,3,-0.25511956214904785
PRS,43,4,-0.22607898712158203
PRS,43,5,-1.2995223999023438
PRS,43,6,-1.2501769065856934
PRS,43,7,0.1069803237915039
PRS,43,8,-1.126762866973877
PRS,43,9,-0.8081645965576172
PRS,43,10,0.06772708892822266
PRS,43,11,-0.5993452072143555
PRS,43,12,-0.3776397705078125
PRS,43,13,0.0007076263427734375
PRS,43,14,-1.212526798248291
PRS,44,0,-0.7349915504455566
PRS,44,1,-0.5454535484313965
PRS,44,2,-1.3164501190185547
PRS,44,3,-2.2735438346862793
PRS,44,4,-0.16117477416992188
PRS,44,5,-0.1335773468017578
PRS,44,6,0.36032962799072266
PRS,44,7,-0.7837433815002441
PRS,44,8,-0.6148958206176758
PRS,44,9,1.0248932838439941
PRS,44,10,0.8332934379577637
PRS,44,11,-0.6475954055786133
PRS,44,12,-1.0871715545654297
PRS,44,13,-0.9996638298034668
PRS,44,14,-1.6947975158691406
PRS,45,0,-0.7349929809570312
PRS,45,1,-1.40510892868042
PRS,45,2,-0.4572420120239258
PRS,45,3,-0.9461746215820312
PRS,45,4,-0.546269416809082
PRS,45,5,-0.49285221099853516
PRS,45,6,-0.9647912979125977
PRS,45,7,-1.0750055313110352
PRS,45,8,-0.6369962692260742
PRS,45,9,-1.0381593704223633
PRS,45,10,-1.3286418914794922
PRS,45,11,-1.0770483016967773
PRS,45,12,-0.6746921539306641
PRS,45,13,-1.1902885437011719
PRS,45,14,-0.04187583923339844
PRS,46,0,-0.7349929809570312
PRS,46,1,-1.40510892868042
PRS,46,2,-0.4572420120239258
PRS,46,3,-0.9461746215820312
PRS,46,4,-0.546269416809082
PRS,46,5,-0.49285221099853516
PRS,46,6,-0.9647912979125977
PRS,46,7,-1.0750055313110352
PRS,46,8,-0.6369962692260742
PRS,46,9,-1.0381593704223633
PRS,46,10,-1.3286418914794922
PRS,46,11,-1.0770483016967773
PRS,46,12,-0.6746921539306641
PRS,46,13,-1.1902885437011719
PRS,46,14,-0.04187583923339844
PRS,47,0,-0.7349920272827148
PRS,47,1,-0.5192217826843262
PRS,47,2,-0.14960002899169922
PRS,47,3,-0.9879674911499023
PRS,47,4,1.2708544731140137
PRS,47,5,1.3801450729370117
PRS,47,6,0.5595777034759521
PRS,47,7,0.06707572937011719
PRS,47,8,0.009336471557617188
PRS,47,9,-1.2760920524597168
PRS,47,10,-0.3012104034423828
PRS,47,11,-1.260880470275879
PRS,47,12,-1.0256414413452148
PRS,47,13,-0.40224313735961914
PRS,47,14,-1.5758914947509766
PRS,48,0,-0.7349929809570312
PRS,48,1,-1.977865219116211
PRS,48,2,-1.6662373542785645
PRS,48,3,-0.7227497100830078
PRS,48,4,-0.6764717102050781
PRS,48,5,-0.783050537109375
PRS,48,6,-0.5803508758544922
PRS,48,7,-0.24434280395507812
PRS,48,8,-0.3722801208496094
PRS,48,9,-1.5134458541870117
PRS,48,10,-1.7159662246704102
PRS,48,11,-0.23255443572998047
PRS,48,12,-0.3874664306640625
PRS,48,13,-2.1147050857543945
PRS,48,14,-2.0091280937194824
PRS,49,0,-0.12105512619018555
PRS,49,1,-0.7179050445556641
PRS,49,2,1.2664437294006348
PRS,49,3,0.9930310249328613
PRS,49,4,1.7090632915496826
PRS,49,5,-1.6060657501220703
PRS,49,6,-2.0172996520996094
PRS,49,7,-2.289045810699463
PRS,49,8,-2.0023093223571777
PRS,49,9,-0.7511253356933594
PRS,49,10,-0.7049627304077148
PRS,49,11,-2.1262598037719727
PRS,49,12,0.33667707443237305
PRS,49,13,-0.18333721160888672
PRS,49,14,-1.041853427886963
PRS,50,0,-0.7349920272827148
PRS,50,1,-0.6736807823181152
PRS,50,2,-1.367175579071045
PRS,50,3,-0.949885368347168
PRS,50,4,0.5525307655334473
PRS,50,5,0.5399580001831055
PRS,50,6,0.5469703674316406
PRS,50,7,0.6006045341491699
PRS,50,8,1.4490976333618164
PRS,50,9,1.5314006805419922
PRS,50,10,1.9019250869750977
PRS,50,11,1.0339231491088867
PRS,50,12,0.5913105010986328
PRS,50,13,-0.8900513648986816
PRS,50,14,0.9333295822143555
PRS,51,0,-0.7349920272827148
PRS,51,1,1.126542091369629
PRS,51,2,0.4515810012817383
PRS,51,3,-2.819246292114258
PRS,51,4,-2.7751598358154297
PRS,51,5,-0.5358147621154785
PRS,51,6,0.13928604125976562
PRS,51,7,-0.14529085159301758
PRS,51,8,-0.3250751495361328
PRS,51,9,-0.005695343017578125
PRS,51,10,-1.9923748970031738
PRS,51,11,-0.32299137115478516
PRS,51,12,0.010608673095703125
PRS,51,13,-1.0094785690307617
PRS,51,14,0.15905046463012695
PRS,52,0,0.0393223762512207
PRS,52,1,0.24076557159423828
PRS,52,2,0.9212594032287598
PRS,52,3,0.18875932693481445
PRS,52,4,0.26912546157836914
PRS,52,5,0.1055307388305664
PRS,52,6,-0.2549276351928711
PRS,52,7,-0.8929314613342285
PRS,52,8,-1.519930362701416
PRS,52,9,-1.2800836563110352
PRS,52,10,-0.1490621566772461
PRS,52,11,0.10692024230957031
PRS,52,12,-0.6596789360046387
PRS,52,13,-0.7777276039123535
PRS,52,14,-0.49531030654907227
PRS,53,0,-0.7349915504455566
PRS,53,1,-1.0434985160827637
PRS,53,2,0.3411083221435547
PRS,53,3,-0.8388876914978027
PRS,53,4,-0.3866596221923828
PRS,53,5,-0.5317468643188477
PRS,53,6,-0.687434196472168
PRS,53,7,-0.19570064544677734
PRS,53,8,-0.4315986633300781
PRS,53,9,0.006548881530761719
PRS,53,10,0.5399713516235352
PRS,53,11,2.2650513648986816
PRS,53,12,-0.5069961547851562
PRS,53,13,1.968259334564209
PRS,53,14,0.7962615489959717
PRS,54,0,-0.7349915504455566
PRS,54,1,-1.9778661727905273
PRS,54,2,-0.18552494049072266
PRS,54,3,-0.523350715637207
PRS,54,4,-1.1114940643310547
PRS,54,5,-0.9016337394714355
PRS,54,6,0.35805416107177734
PRS,54,7,-0.1617565155029297
PRS,54,8,-0.39449405670166016
PRS,54,9,-0.6665239334106445
PRS,54,10,-0.6351442337036133
PRS,54,11,-0.6230287551879883
PRS,54,12,-1.6550788879394531
PRS,54,13,-1.6909465789794922
PRS,54,14,-1.2504215240478516
PRS,55,0,-0.7349929809570312
PRS,55,1,-1.977865219116211
PRS,55,2,-0.18552494049072266
PRS,55,3,-0.5233516693115234
PRS,55,4,-1.1114940643310547
PRS,55,5,-0.9016332626342773
PRS,55,6,0.35805416107177734
PRS,55,7,-0.1617574691772461
PRS,55,8,-0.39449310302734375
PRS,55,9,-0.6665248870849609
PRS,55,10,-0.6351442337036133
PRS,55,11,-0.6230268478393555
PRS,55,12,-1.6550779342651367
PRS,55,13,-1.6909451484680176
PRS,55,14,-1.2504215240478516
PRS,56,0,-0.12105512619018555
PRS,56,1,-0.1928391456604004
PRS,56,2,-1.599074363708496
PRS,56,3,-0.8744230270385742
PRS,56,4,0.9006433486938477
PRS,56,5,0.2723836898803711
PRS,56,6,0.6608495712280273
PRS,56,7,-1.2993865013122559
PRS,56,8,-0.4741325378417969
PRS,56,9,0.8451166152954102
PRS,56,10,0.9329237937927246
PRS,56,11,-0.46228933334350586
PRS,56,12,-0.11312580108642578
PRS,56,13,-0.8660950660705566
PRS,56,14,-0.11811065673828125
PRS,57,0,-0.7349920272827148
PRS,57,1,-1.977865219116211
PRS,57,2,0.03777456283569336
PRS,57,3,1.1824049949645996
PRS,57,4,-0.38767290115356445
PRS,57,5,-0.35808515548706055
PRS,57,6,-0.6239352226257324
PRS,57,7,0.7937822341918945
PRS,57,8,0.918302059173584
PRS,57,9,-0.8757758140563965
PRS,57,10,0.27149486541748047
PRS,57,11,1.348203182220459
PRS,57,12,0.35908079147338867
PRS,57,13,-0.4040694236755371
PRS,57,14,2.099062919616699
PRS,58,0,-0.7349929809570312
PRS,58,1,-1.977865219116211
PRS,58,2,0.03777360916137695
PRS,58,3,1.1824064254760742
PRS,58,4,-0.38767194747924805
PRS,58,5,-0.35808610916137695
PRS,58,6,-0.623934268951416
PRS,58,7,0.7937812805175781
PRS,58,8,0.918302059173584
PRS,58,9,-0.8757767677307129
PRS,58,10,0.27149486541748047
PRS,58,11,1.3482027053833008
PRS,58,12,0.3590812683105469
PRS,58,13,-0.4040689468383789
PRS,58,14,2.0990633964538574
PRS,59,0,-0.7349929809570312
PRS,59,1,-0.5454530715942383
PRS,59,2,-1.3164501190185547
PRS,59,3,-0.417205810546875
PRS,59,4,-0.10941791534423828
PRS,59,5,0.0626058578491211
PRS,59,6,0.7189388275146484
PRS,59,7,0.6774897575378418
PRS,59,8,-0.7945547103881836
PRS,59,9,-0.31177711486816406
PRS,59,10,-0.43461036682128906
PRS,59,11,-0.742619514465332
PRS,59,12,-1.6763181686401367
PRS,59,13,-0.24443531036376953
PRS,59,14,-2.4026622772216797
PRS,60,0,-0.7349920272827148
PRS,60,1,-0.4150571823120117
PRS,60,2,-0.43064355850219727
PRS,60,3,-1.3085551261901855
PRS,60,4,-1.0234274864196777
PRS,60,5,0.5785946846008301
PRS,60,6,-0.4353060722351074
PRS,60,7,0.6215101480484009
PRS,60,8,0.5479946136474609
PRS,60,9,-1.640559196472168
PRS,60,10,0.09057903289794922
PRS,60,11,-0.0627908706665039
PRS,60,12,0.10286521911621094
PRS,60,13,0.07911396026611328
PRS,60,14,-0.2478628158569336
PRS,61,0,-0.7349929809570312
PRS,61,1,-1.977865219116211
PRS,61,2,-1.6662373542785645
PRS,61,3,0.20202970504760742
PRS,61,4,1.4539523124694824
PRS,61,5,0.4094071388244629
PRS,61,6,3.2933461666107178
PRS,61,7,2.064786672592163
PRS,61,8,1.4713850021362305
PRS,61,9,2.671224594116211
PRS,61,10,2.1466307640075684
PRS,61,11,-0.27359557151794434
PRS,61,12,1.5792080163955688
PRS,61,13,2.0412182807922363
PRS,61,14,-0.6780270338058472
PRS,62,0,-0.7349920272827148
PRS,62,1,-1.977865219116211
PRS,62,2,-1.6662368774414062
PRS,62,3,0.20203065872192383
PRS,62,4,1.4539532661437988
PRS,62,5,0.4094085693359375
PRS,62,6,3.293346881866455
PRS,62,7,2.0647873878479004
PRS,62,8,1.4713871479034424
PRS,62,9,2.6712255477905273
PRS,62,10,2.1466310024261475
PRS,62,11,-0.27359485626220703
PRS,62,12,1.5792096853256226
PRS,62,13,2.0412187576293945
PRS,62,14,-0.678026020526886
PRS,63,0,-0.7349920272827148
PRS,63,1,-1.977865219116211
PRS,63,2,-1.6662368774414062
PRS,63,3,0.20203065872192383
PRS,63,4,1.4539532661437988
PRS,63,5,0.4094085693359375
PRS,63,6,3.293346881866455
PRS,63,7,2.0647873878479004
PRS,63,8,1.4713871479034424
PRS,63,9,2.6712255477905273
PRS,63,10,2.1466310024261475
PRS,63,11,-0.27359485626220703
PRS,63,12,1.5792096853256226
PRS,63,13,2.0412187576293945
PRS,63,14,-0.678026020526886
PRS,64,0,-0.7349920272827148
PRS,64,1,-1.977865219116211
PRS,64,2,-1.6662368774414062
PRS,64,3,0.20203065872192383
PRS,64,4,1.4539532661437988
PRS,64,5,0.4094085693359375
PRS,64,6,3.293346881866455
PRS,64,7,2.0647873878479004
PRS,64,8,1.4713871479034424
PRS,64,9,2.6712255477905273
PRS,64,10,2.1466310024261475
PRS,64,11,-0.27359485626220703
PRS,64,12,1.5792096853256226
PRS,64,13,2.0412187576293945
PRS,64,14,-0.678026020526886
PRS,65,0,-0.7349920272827148
PRS,65,1,-1.9778637886047363
PRS,65,2,-1.6662373542785645
PRS,65,3,0.2020273208618164
PRS,65,4,1.4539527893066406
PRS,65,5,0.4094085693359375
PRS,65,6,3.2933459281921387
PRS,65,7,2.064786195755005
PRS,65,8,1.4713869094848633
PRS,65,9,2.671225070953369
PRS,65,10,2.1466293334960938
PRS,65,11,-0.27359604835510254
PRS,65,12,1.5792088508605957
PRS,65,13,2.0412180423736572
PRS,65,14,-0.6780276298522949
PRS,66,0,-0.7349915504455566
PRS,66,1,-1.9778661727905273
PRS,66,2,-1.6662368774414062
PRS,66,3,0.20202970504760742
PRS,66,4,1.4539532661437988
PRS,66,5,0.4094085693359375
PRS,66,6,3.2933461666107178
PRS,66,7,2.064786434173584
PRS,66,8,1.471386194229126
PRS,66,9,2.6712253093719482
PRS,66,10,2.1466312408447266
PRS,66,11,-0.27359628677368164
PRS,66,12,1.579209327697754
PRS,66,13,2.0412182807922363
PRS,66,14,-0.6780266165733337
PRS,67,0,-0.7349920272827148
PRS,67,1,-1.977865219116211
PRS,67,2,-1.6662368774414062
PRS,67,3,0.20203065872192383
PRS,67,4,1.4539532661437988
PRS,67,5,0.4094085693359375
PRS,67,6,3.293346881866455
PRS,67,7,2.0647873878479004
PRS,67,8,1.4713871479034424
PRS,67,9,2.6712255477905273
PRS,67,10,2.1466310024261475
PRS,67,11,-0.27359485626220703
PRS,67,12,1.5792096853256226
PRS,67,13,2.0412187576293945
PRS,67,14,-0.678026020526886
PRS,68,0,0.0393223762512207
PRS,68,1,-1.7974953651428223
PRS,68,2,-1.241724967956543
PRS,68,3,2.1798746585845947
PRS,68,4,1.635878562927246
PRS,68,5,0.31672096252441406
PRS,68,6,-1.7228460311889648
PRS,68,7,1.6901826858520508
PRS,68,8,-1.1792354583740234
PRS,68,9,0.5471868515014648
PRS,68,10,-0.0058307647705078125
PRS,68,11,-0.9250106811523438
PRS,68,12,-1.1956090927124023
PRS,68,13,-1.429931640625
PRS,68,14,0.6299703121185303
PRS,69,0,-0.7349929809570312
PRS,69,1,1.1265408992767334
PRS,69,2,0.27660226821899414
PRS,69,3,-0.8408889770507812
PRS,69,4,-0.2474536895751953
PRS,69,5,-0.00286865234375
PRS,69,6,-0.0017151832580566406
PRS,69,7,-0.08902454376220703
PRS,69,8,-0.8852798938751221
PRS,69,9,-2.0216736793518066
PRS,69,10,0.22165679931640625
PRS,69,11,-1.1892046928405762
PRS,69,12,-0.9589805603027344
PRS,69,13,-0.36246299743652344
PRS,69,14,-1.8219432830810547
PRS,70,0,-0.734992504119873
PRS,70,1,-1.6752042770385742
PRS,70,2,-0.5280523300170898
PRS,70,3,-0.8761715888977051
PRS,70,4,0.7390646934509277
PRS,70,5,-0.2016587257385254
PRS,70,6,-1.3180675506591797
PRS,70,7,-2.5243613719940186
PRS,70,8,-0.15899181365966797
PRS,70,9,-2.2573928833007812
PRS,70,10,-0.30635643005371094
PRS,70,11,-1.5254260301589966
PRS,70,12,-0.8123245239257812
PRS,70,13,-0.8181052207946777
PRS,70,14,-0.8261251449584961
PRS,71,0,-0.7349920272827148
PRS,71,1,1.1265406608581543
PRS,71,2,-1.2277350425720215
PRS,71,3,-0.5412354469299316
PRS,71,4,-1.117795467376709
PRS,71,5,-1.3345303535461426
PRS,71,6,-1.0052118301391602
PRS,71,7,-0.6638813018798828
PRS,71,8,-0.5099067687988281
PRS,71,9,-0.2400069236755371
PRS,71,10,-0.274566650390625
PRS,71,11,-0.3233823776245117
PRS,71,12,-0.49394893646240234
PRS,71,13,0.13847923278808594
PRS,71,14,0.10346460342407227
PRS,72,0,-0.7349920272827148
PRS,72,1,-0.5192208290100098
PRS,72,2,-0.14960098266601562
PRS,72,3,-0.9879670143127441
PRS,72,4,-0.30425500869750977
PRS,72,5,1.8887691497802734
PRS,72,6,3.077820301055908
PRS,72,7,1.3066892623901367
PRS,72,8,-0.5613428354263306
PRS,72,9,2.362154245376587
PRS,72,10,3.5785679817199707
PRS,72,11,1.5994157791137695
PRS,72,12,0.6434566378593445
PRS,72,13,1.9620935916900635
PRS,72,14,-0.573784589767456
PRS,73,0,-0.7349920272827148
PRS,73,1,-0.5192217826843262
PRS,73,2,-0.14960002899169922
PRS,73,3,-0.9879674911499023
PRS,73,4,-0.30425500869750977
PRS,73,5,1.8887684345245361
PRS,73,6,3.0778212547302246
PRS,73,7,1.306689739227295
PRS,73,8,-0.5613440275192261
PRS,73,9,2.3621535301208496
PRS,73,10,3.5785670280456543
PRS,73,11,1.5994153022766113
PRS,73,12,0.643458366394043
PRS,73,13,1.9620938301086426
PRS,73,14,-0.5737850666046143
PRS,74,0,-0.7349920272827148
PRS,74,1,-0.5192217826843262
PRS,74,2,-0.14960002899169922
PRS,74,3,-0.9879674911499023
PRS,74,4,-0.30425500869750977
PRS,74,5,1.8887684345245361
PRS,74,6,3.0778212547302246
PRS,74,7,1.306689739227295
PRS,74,8,-0.5613440275192261
PRS,74,9,2.3621535301208496
PRS,74,10,3.5785670280456543
PRS,74,11,1.5994153022766113
PRS,74,12,0.643458366394043
PRS,74,13,1.9620938301086426
PRS,74,14,-0.5737850666046143
PRS,75,0,-0.7349920272827148
PRS,75,1,1.1265406608581543
PRS,75,2,-0.6202960014343262
PRS,75,3,-0.784182071685791
PRS,75,4,-0.39348411560058594
PRS,75,5,-1.779292106628418
PRS,75,6,-1.7856378555297852
PRS,75,7,-1.0054559707641602
PRS,75,8,-2.63466215133667
PRS,75,9,-1.7531471252441406
PRS,75,10,-0.0915822982788086
PRS,75,11,-1.360051155090332
PRS,75,12,-0.8983116149902344
PRS,75,13,-0.7397670745849609
PRS,75,14,-0.4747772216796875
PRS,76,0,-0.12105512619018555
PRS,76,1,-1.8360018730163574
PRS,76,2,-0.6809482574462891
PRS,76,3,-0.8101763725280762
PRS,76,4,-1.7680225372314453
PRS,76,5,-0.623652458190918
PRS,76,6,-1.8699908256530762
PRS,76,7,-0.9558343887329102
PRS,76,8,-1.5674552917480469
PRS,76,9,-0.7715511322021484
PRS,76,10,-1.0247125625610352
PRS,76,11,-1.6063051223754883
PRS,76,12,-1.6318001747131348
PRS,76,13,-1.1324400901794434
PRS,76,14,-1.8321223258972168
PRS,77,0,-0.734992504119873
PRS,77,1,-0.026132583618164062
PRS,77,2,-1.6029844284057617
PRS,77,3,-2.3168587684631348
PRS,77,4,-0.834256649017334
PRS,77,5,-0.3677186965942383
PRS,77,6,-0.6517324447631836
PRS,77,7,0.05576515197753906
PRS,77,8,0.11791801452636719
PRS,77,9,-0.34590673446655273
PRS,77,10,-0.1742086410522461
PRS,77,11,0.2795896530151367
PRS,77,12,0.14412784576416016
PRS,77,13,-0.9280014038085938
PRS,77,14,0.09409236907958984
PRS,78,0,-0.7349915504455566
PRS,78,1,-0.026131629943847656
PRS,78,2,-1.6029834747314453
PRS,78,3,-2.316859245300293
PRS,78,4,-0.8342552185058594
PRS,78,5,-0.3677186965942383
PRS,78,6,-0.6517333984375
PRS,78,7,0.05576801300048828
PRS,78,8,0.11791801452636719
PRS,78,9,-0.34590721130371094
PRS,78,10,-0.1742076873779297
PRS,78,11,0.2795886993408203
PRS,78,12,0.14412879943847656
PRS,78,13,-0.9280004501342773
PRS,78,14,0.09409332275390625
PRS,79,0,-0.12105512619018555
PRS,79,1,-0.7179050445556641
PRS,79,2,1.2664437294006348
PRS,79,3,2.7614059448242188
PRS,79,4,-0.11472940444946289
PRS,79,5,0.39186620712280273
PRS,79,6,0.29910898208618164
PRS,79,7,0.7511919736862183
PRS,79,8,0.7671234607696533
PRS,79,9,-2.182461977005005
PRS,79,10,1.1432592868804932
PRS,79,11,0.2178713083267212
PRS,79,12,-0.12619328498840332
PRS,79,13,1.1127872467041016
PRS,79,14,-1.086317539215088
PRS,80,0,-0.12105369567871094
PRS,80,1,-0.7179040908813477
PRS,80,2,1.2664446830749512
PRS,80,3,2.761404514312744
PRS,80,4,-0.1147303581237793
PRS,80,5,0.3918638229370117
PRS,80,6,0.29910755157470703
PRS,80,7,0.7511922121047974
PRS,80,8,0.7671215534210205
PRS,80,9,-2.1824636459350586
PRS,80,10,1.143258810043335
PRS,80,11,0.21787023544311523
PRS,80,12,-0.12619280815124512
PRS,80,13,1.1127861738204956
PRS,80,14,-1.086318016052246
PRS,81,0,-0.12105369567871094
PRS,81,1,-0.7179040908813477
PRS,81,2,1.2664446830749512
PRS,81,3,2.761404514312744
PRS,81,4,-0.1147303581237793
PRS,81,5,0.3918638229370117
PRS,81,6,0.29910755157470703
PRS,81,7,0.7511922121047974
PRS,81,8,0.7671215534210205
PRS,81,9,-2.1824636459350586
PRS,81,10,1.143258810043335
PRS,81,11,0.21787023544311523
PRS,81,12,-0.12619280815124512
PRS,81,13,1.1127861738204956
PRS,81,14,-1.086318016052246
PRS,82,0,-0.12105512619018555
PRS,82,1,-0.7179040908813477
PRS,82,2,1.2664434909820557
PRS,82,3,2.7614049911499023
PRS,82,4,-0.1147298812866211
PRS,82,5,0.39186525344848633
PRS,82,6,0.29910850524902344
PRS,82,7,0.7511918544769287
PRS,82,8,0.7671225070953369
PRS,82,9,-2.182462692260742
PRS,82,10,1.1432585716247559
PRS,82,11,0.21787142753601074
PRS,82,12,-0.12619304656982422
PRS,82,13,1.112786889076233
PRS,82,14,-1.086317777633667
PRS,83,0,-0.12105512619018555
PRS,83,1,-0.7179050445556641
PRS,83,2,1.2664437294006348
PRS,83,3,2.7614059448242188
PRS,83,4,-0.11472940444946289
PRS,83,5,0.39186620712280273
PRS,83,6,0.29910898208618164
PRS,83,7,0.7511919736862183
PRS,83,8,0.7671234607696533
PRS,83,9,-2.182461977005005
PRS,83,10,1.1432592868804932
PRS,83,11,0.2178713083267212
PRS,83,12,-0.12619328498840332
PRS,83,13,1.1127872467041016
PRS,83,14,-1.086317539215088
PRS,84,0,-0.12105512619018555
PRS,84,1,-0.7179040908813477
PRS,84,2,1.2664434909820557
PRS,84,3,2.7614049911499023
PRS,84,4,-0.1147298812866211
PRS,84,5,0.39186525344848633
PRS,84,6,0.29910850524902344
PRS,84,7,0.7511918544769287
PRS,84,8,0.7671225070953369
PRS,84,9,-2.182462692260742
PRS,84,10,1.1432585716247559
PRS,84,11,0.21787142753601074
PRS,84,12,-0.12619304656982422
PRS,84,13,1.112786889076233
PRS,84,14,-1.086317777633667
PRS,85,0,-0.12105512619018555
PRS,85,1,-0.7179050445556641
PRS,85,2,1.2664437294006348
PRS,85,3,2.7614059448242188
PRS,85,4,-0.11472940444946289
PRS,85,5,0.39186620712280273
PRS,85,6,0.29910898208618164
PRS,85,7,0.7511919736862183
PRS,85,8,0.7671234607696533
PRS,85,9,-2.182461977005005
PRS,85,10,1.1432592868804932
PRS,85,11,0.2178713083267212
PRS,85,12,-0.12619328498840332
PRS,85,13,1.1127872467041016
PRS,85,14,-1.086317539215088
PRS,86,0,-0.12105512619018555
PRS,86,1,-0.7179040908813477
PRS,86,2,1.2664434909820557
PRS,86,3,2.7614049911499023
PRS,86,4,-0.1147298812866211
PRS,86,5,0.39186525344848633
PRS,86,6,0.29910850524902344
PRS,86,7,0.7511918544769287
PRS,86,8,0.7671225070953369
PRS,86,9,-2.182462692260742
PRS,86,10,1.1432585716247559
PRS,86,11,0.21787142753601074
PRS,86,12,-0.12619304656982422
PRS,86,13,1.112786889076233
PRS,86,14,-1.086317777633667
PRS,87,0,-0.12105512619018555
PRS,87,1,-0.7179050445556641
PRS,87,2,1.2664437294006348
PRS,87,3,2.7614059448242188
PRS,87,4,-0.11472940444946289
PRS,87,5,0.39186620712280273
PRS,87,6,0.29910898208618164
PRS,87,7,0.7511919736862183
PRS,87,8,0.7671234607696533
PRS,87,9,-2.182461977005005
PRS,87,10,1.1432592868804932
PRS,87,11,0.2178713083267212
PRS,87,12,-0.12619328498840332
PRS,87,13,1.1127872467041016
PRS,87,14,-1.086317539215088
PRS,88,0,-0.12105512619018555
PRS,88,1,-0.7179050445556641
PRS,88,2,1.2664437294006348
PRS,88,3,2.7614059448242188
PRS,88,4,-0.11472940444946289
PRS,88,5,0.39186620712280273
PRS,88,6,0.29910898208618164
PRS,88,7,0.7511919736862183
PRS,88,8,0.7671234607696533
PRS,88,9,-2.182461977005005
PRS,88,10,1.1432592868804932
PRS,88,11,0.2178713083267212
PRS,88,12,-0.12619328498840332
PRS,88,13,1.1127872467041016
PRS,88,14,-1.086317539215088
PRS,89,0,-0.12105369567871094
PRS,89,1,-0.7179040908813477
PRS,89,2,1.2664446830749512
PRS,89,3,2.761404514312744
PRS,89,4,-0.1147303581237793
PRS,89,5,0.3918638229370117
PRS,89,6,0.29910755157470703
PRS,89,7,0.7511922121047974
PRS,89,8,0.7671215534210205
PRS,89,9,-2.1824636459350586
PRS,89,10,1.143258810043335
PRS,89,11,0.21787023544311523
PRS,89,12,-0.12619280815124512
PRS,89,13,1.1127861738204956
PRS,89,14,-1.086318016052246
PRS,90,0,-0.12105560302734375
PRS,90,1,-0.7179045677185059
PRS,90,2,1.2664434909820557
PRS,90,3,2.761404037475586
PRS,90,4,-0.11472940444946289
PRS,90,5,0.3918642997741699
PRS,90,6,0.29910778999328613
PRS,90,7,0.7511909008026123
PRS,90,8,0.7671210765838623
PRS,90,9,-2.182461738586426
PRS,90,10,1.1432573795318604
PRS,90,11,0.21787190437316895
PRS,90,12,-0.12619304656982422
PRS,90,13,1.1127865314483643
PRS,90,14,-1.0863183736801147
PRS,91,0,-0.12105512619018555
PRS,91,1,-0.7179050445556641
PRS,91,2,1.2664437294006348
PRS,91,3,2.7614059448242188
PRS,91,4,-0.11472940444946289
PRS,91,5,0.39186620712280273
PRS,91,6,0.29910898208618164
PRS,91,7,0.7511919736862183
PRS,91,8,0.7671234607696533
PRS,91,9,-2.182461977005005
PRS,91,10,1.1432592868804932
PRS,91,11,0.2178713083267212
PRS,91,12,-0.12619328498840332
PRS,91,13,1.1127872467041016
PRS,91,14,-1.086317539215088
PRS,92,0,-0.12105512619018555
PRS,92,1,-0.7179050445556641
PRS,92,2,1.2664437294006348
PRS,92,3,2.7614059448242188
PRS,92,4,-0.11472940444946289
PRS,92,5,0.39186620712280273
PRS,92,6,0.29910898208618164
PRS,92,7,0.7511919736862183
PRS,92,8,0.7671234607696533
PRS,92,9,-2.182461977005005
PRS,92,10,1.1432592868804932
PRS,92,11,0.2178713083267212
PRS,92,12,-0.12619328498840332
PRS,92,13,1.1127872467041016
PRS,92,14,-1.086317539215088
PRS,93,0,-0.12105369567871094
PRS,93,1,-0.7179040908813477
PRS,93,2,1.2664446830749512
PRS,93,3,2.761404514312744
PRS,93,4,-0.1147303581237793
PRS,93,5,0.3918638229370117
PRS,93,6,0.29910755157470703
PRS,93,7,0.7511922121047974
PRS,93,8,0.7671215534210205
PRS,93,9,-2.1824636459350586
PRS,93,10,1.143258810043335
PRS,93,11,0.21787023544311523
PRS,93,12,-0.12619280815124512
PRS,93,13,1.1127861738204956
PRS,93,14,-1.086318016052246
PRS,94,0,-0.12105560302734375
PRS,94,1,-0.7179045677185059
PRS,94,2,1.2664434909820557
PRS,94,3,2.761404037475586
PRS,94,4,-0.11472940444946289
PRS,94,5,0.3918642997741699
PRS,94,6,0.29910778999328613
PRS,94,7,0.7511909008026123
PRS,94,8,0.7671210765838623
PRS,94,9,-2.182461738586426
PRS,94,10,1.1432573795318604
PRS,94,11,0.21787190437316895
PRS,94,12,-0.12619304656982422
PRS,94,13,1.1127865314483643
PRS,94,14,-1.0863183736801147
PRS,95,0,-0.12105512619018555
PRS,95,1,-0.7179050445556641
PRS,95,2,1.2664437294006348
PRS,95,3,2.7614059448242188
PRS,95,4,-0.11472940444946289
PRS,95,5,0.39186620712280273
PRS,95,6,0.29910898208618164
PRS,95,7,0.7511919736862183
PRS,95,8,0.7671234607696533
PRS,95,9,-2.182461977005005
PRS,95,10,1.1432592868804932
PRS,95,11,0.2178713083267212
PRS,95,12,-0.12619328498840332
PRS,95,13,1.1127872467041016
PRS,95,14,-1.086317539215088
PRS,96,0,-0.12105512619018555
PRS,96,1,-0.7179040908813477
PRS,96,2,1.2664434909820557
PRS,96,3,2.7614049911499023
PRS,96,4,-0.1147298812866211
PRS,96,5,0.39186525344848633
PRS,96,6,0.29910850524902344
PRS,96,7,0.7511918544769287
PRS,96,8,0.7671225070953369
PRS,96,9,-2.182462692260742
PRS,96,10,1.1432585716247559
PRS,96,11,0.21787142753601074
PRS,96,12,-0.12619304656982422
PRS,96,13,1.112786889076233
PRS,96,14,-1.086317777633667
PRS,97,0,-0.12105417251586914
PRS,97,1,-0.7179040908813477
PRS,97,2,1.2664437294006348
PRS,97,3,2.761404037475586
PRS,97,4,-0.1147298812866211
PRS,97,5,0.3918638229370117
PRS,97,6,0.29910707473754883
PRS,97,7,0.7511916160583496
PRS,97,8,0.7671217918395996
PRS,97,9,-2.1824634075164795
PRS,97,10,1.1432578563690186
PRS,97,11,0.21787035465240479
PRS,97,12,-0.12619400024414062
PRS,97,13,1.1127870082855225
PRS,97,14,-1.086319088935852
PRS,98,0,-0.12105560302734375
PRS,98,1,-0.7179036140441895
PRS,98,2,1.2664427757263184
PRS,98,3,2.7614059448242188
PRS,98,4,-0.1147298812866211
PRS,98,5,0.39186763763427734
PRS,98,6,0.29910850524902344
PRS,98,7,0.751191258430481
PRS,98,8,0.7671217918395996
PRS,98,9,-2.1824612617492676
PRS,98,10,1.143259048461914
PRS,98,11,0.2178717851638794
PRS,98,12,-0.12619233131408691
PRS,98,13,1.1127874851226807
PRS,98,14,-1.0863170623779297
PRS,99,0,-0.7349929809570312
PRS,99,1,-0.4150581359863281
PRS,99,2,-1.549647331237793
PRS,99,3,-2.3030967712402344
PRS,99,4,-1.9843711853027344
PRS,99,5,-0.34498119354248047
PRS,99,6,-0.8143281936645508
PRS,99,7,-0.5631628036499023
PRS,99,8,-0.993535041809082
PRS,99,9,-1.3111824989318848
PRS,99,10,-0.5951433181762695
PRS,99,11,0.23942351341247559
PRS,99,12,0.6528425216674805
PRS,99,13,-0.4589834213256836
PRS,99,14,1.9420676231384277
PRS,100,0,-0.734992504119873
PRS,100,1,-0.519221305847168
PRS,100,2,-1.271540641784668
PRS,100,3,-0.613804817199707
PRS,100,4,-0.5109338760375977
PRS,100,5,-0.47986602783203125
PRS,100,6,-0.11211967468261719
PRS,100,7,-0.7404251098632812
PRS,100,8,-0.4658346176147461
PRS,100,9,-0.8658084869384766
PRS,100,10,-0.4107389450073242
PRS,100,11,-0.19509124755859375
PRS,100,12,-1.1435332298278809
PRS,100,13,-0.8748946189880371
PRS,100,14,-0.4472522735595703
RRS,0,0,0.03931999206542969
RRS,0,1,-1.7974934577941895
RRS,0,2,0.4665360450744629
RRS,0,3,-0.2600431442260742
RRS,0,4,0.7559108734130859
RRS,0,5,-1.4088366031646729
RRS,0,6,1.2831525802612305
RRS,0,7,0.8701009750366211
RRS,0,8,0.90771484375
RRS,0,9,-1.231452465057373
RRS,0,10,-0.7001819610595703
RRS,0,11,-1.0830106735229492
RRS,0,12,-0.2984943389892578
RRS,0,13,-0.3074007034301758
RRS,0,14,-0.21109485626220703
RRS,1,0,0.0393223762512207
RRS,1,1,0.028733253479003906
RRS,1,2,-1.0793275833129883
RRS,1,3,-1.365199089050293
RRS,1,4,-1.133047103881836
RRS,1,5,-1.0680418014526367
RRS,1,6,-0.810791015625
RRS,1,7,-1.351527214050293
RRS,1,8,-1.3595447540283203
RRS,1,9,-0.600306510925293
RRS,1,10,-0.6660633087158203
RRS,1,11,-0.7921180725097656
RRS,1,12,-0.771092414855957
RRS,1,13,-0.6204385757446289
RRS,1,14,-0.5944852828979492
RRS,2,0,-0.7349920272827148
RRS,2,1,-1.4051084518432617
RRS,2,2,-0.9164934158325195
RRS,2,3,-0.10764598846435547
RRS,2,4,-0.2623252868652344
RRS,2,5,-2.1277928352355957
RRS,2,6,-0.7355098724365234
RRS,2,7,0.10030746459960938
RRS,2,8,-1.0735688209533691
RRS,2,9,1.1363420486450195
RRS,2,10,0.8455400466918945
RRS,2,11,0.6932616233825684
RRS,2,12,-1.6147232055664062
RRS,2,13,-2.987985134124756
RRS,2,14,-0.6176810264587402
RRS,3,0,-0.7349915504455566
RRS,3,1,-0.24250078201293945
RRS,3,2,-0.3544278144836426
RRS,3,3,0.05456399917602539
RRS,3,4,-1.174992561340332
RRS,3,5,-1.4831304550170898
RRS,3,6,-1.032008171081543
RRS,3,7,-0.8748126029968262
RRS,3,8,1.4779272079467773
RRS,3,9,0.4415926933288574
RRS,3,10,2.065762519836426
RRS,3,11,-1.2604389190673828
RRS,3,12,0.2553596496582031
RRS,3,13,0.19406795501708984
RRS,3,14,-0.27702808380126953
RRS,4,0,-0.7349920272827148
RRS,4,1,-1.977865219116211
RRS,4,2,0.1318221092224121
RRS,4,3,-0.47311925888061523
RRS,4,4,-0.7370076179504395
RRS,4,5,-1.1850638389587402
RRS,4,6,-0.052089691162109375
RRS,4,7,-0.7878680229187012
RRS,4,8,-0.24605083465576172
RRS,4,9,-0.08961772918701172
RRS,4,10,-1.6540765762329102
RRS,4,11,-0.3368206024169922
RRS,4,12,-1.4545021057128906
RRS,4,13,-0.3889493942260742
RRS,4,14,0.05525970458984375
RRS,5,0,-0.7349920272827148
RRS,5,1,-0.5454525947570801
RRS,5,2,0.2305288314819336
RRS,5,3,0.9195194244384766
RRS,5,4,0.2786860466003418
RRS,5,5,-0.36791181564331055
RRS,5,6,-0.35834741592407227
RRS,5,7,-1.4693312644958496
RRS,5,8,0.5763101577758789
RRS,5,9,0.1702737808227539
RRS,5,10,-0.9299607276916504
RRS,5,11,-1.9213824272155762
RRS,5,12,-0.4568662643432617
RRS,5,13,-1.7075371742248535
RRS,5,14,-2.5799050331115723
RRS,6,0,-0.734992504119873
RRS,6,1,-1.4051094055175781
RRS,6,2,-1.567197322845459
RRS,6,3,-1.3015775680541992
RRS,6,4,-1.189852237701416
RRS,6,5,-1.70330810546875
RRS,6,6,-1.135101318359375
RRS,6,7,-0.04113006591796875
RRS,6,8,-1.0357584953308105
RRS,6,9,1.6159191131591797
RRS,6,10,2.20754337310791
RRS,6,11,1.1648077964782715
RRS,6,12,0.7113523483276367
RRS,6,13,-0.6418824195861816
RRS,6,14,0.8197622299194336
RRS,7,0,-0.7349920272827148
RRS,7,1,-0.5454521179199219
RRS,7,2,-0.44291257858276367
RRS,7,3,-0.06363058090209961
RRS,7,4,-0.7417597770690918
RRS,7,5,-1.1895055770874023
RRS,7,6,-0.6698355674743652
RRS,7,7,-1.5709190368652344
RRS,7,8,-0.032145023345947266
RRS,7,9,-1.6884899139404297
RRS,7,10,2.9690020084381104
RRS,7,11,-0.4983329772949219
RRS,7,12,-0.07593649625778198
RRS,7,13,-2.1237382888793945
RRS,7,14,0.6047992706298828
RRS,8,0,-0.734992504119873
RRS,8,1,-0.7840843200683594
RRS,8,2,-1.148728370666504
RRS,8,3,-1.3785619735717773
RRS,8,4,-0.4634103775024414
RRS,8,5,-1.549492359161377
RRS,8,6,-0.1252756118774414
RRS,8,7,-0.06414127349853516
RRS,8,8,-0.1195077896118164
RRS,8,9,-1.478405475616455
RRS,8,10,-0.15602970123291016
RRS,8,11,-0.0522613525390625
RRS,8,12,0.6247730255126953
RRS,8,13,0.15778207778930664
RRS,8,14,0.07352781295776367
RRS,9,0,-0.7349929809570312
RRS,9,1,0.022262096405029297
RRS,9,2,-0.8732213973999023
RRS,9,3,-0.08995437622070312
RRS,9,4,1.1308560371398926
RRS,9,5,0.069183349609375
RRS,9,6,-0.4721221923828125
RRS,9,7,-0.23290252685546875
RRS,9,8,-0.03360939025878906
RRS,9,9,0.7059545516967773
RRS,9,10,-0.8340520858764648
RRS,9,11,0.2660069465637207
RRS,9,12,0.7096128463745117
RRS,9,13,0.7148828506469727
RRS,9,14,0.3952980041503906
RRS,10,0,-0.7349920272827148
RRS,10,1,-0.5192208290100098
RRS,10,2,0.3723607063293457
RRS,10,3,-0.8404397964477539
RRS,10,4,-0.9831643104553223
RRS,10,5,-0.2471141815185547
RRS,10,6,-0.23534393310546875
RRS,10,7,-0.6635360717773438
RRS,10,8,-0.56195068359375
RRS,10,9,-0.2902193069458008
RRS,10,10,0.013763427734375
RRS,10,11,-0.012826919555664062
RRS,10,12,-0.7424860000610352
RRS,10,13,0.20201873779296875
RRS,10,14,-0.6878585815429688
RRS,11,0,-0.7349920272827148
RRS,11,1,-0.24249982833862305
RRS,11,2,-1.9709548950195312
RRS,11,3,-0.061068058013916016
RRS,11,4,-1.5874671936035156
RRS,11,5,1.271707534790039
RRS,11,6,-1.9533801078796387
RRS,11,7,-0.48774242401123047
RRS,11,8,-1.2808756828308105
RRS,11,9,-2.2886691093444824
RRS,11,10,-2.7627129554748535
RRS,11,11,-0.08119773864746094
RRS,11,12,-1.4773037433624268
RRS,11,13,0.853868842124939
RRS,11,14,0.4499850273132324
RRS,12,0,-0.734992504119873
RRS,12,1,-1.9778661727905273
RRS,12,2,-0.18552494049072266
RRS,12,3,-2.002873420715332
RRS,12,4,0.14557647705078125
RRS,12,5,0.9235897064208984
RRS,12,6,0.4916696548461914
RRS,12,7,-0.6728744506835938
RRS,12,8,-0.7617921829223633
RRS,12,9,-0.2611732482910156
RRS,12,10,-0.562591552734375
RRS,12,11,-0.7457685470581055
RRS,12,12,-0.5036287307739258
RRS,12,13,-0.6405344009399414
RRS,12,14,-0.6625909805297852
RRS,13,0,-0.7349915504455566
RRS,13,1,-1.40510892868042
RRS,13,2,-0.9812464714050293
RRS,13,3,0.8658428192138672
RRS,13,4,0.38277626037597656
RRS,13,5,0.07504796981811523
RRS,13,6,2.084054946899414
RRS,13,7,-0.015175342559814453
RRS,13,8,0.5891685485839844
RRS,13,9,3.026855707168579
RRS,13,10,0.7281999588012695
RRS,13,11,0.8094019889831543
RRS,13,12,3.0088605880737305
RRS,13,13,3.5030136108398438
RRS,13,14,1.2333269119262695
RRS,14,0,-0.7349915504455566
RRS,14,1,-0.24250078201293945
RRS,14,2,-0.4148697853088379
RRS,14,3,0.5631561279296875
RRS,14,4,0.6943140029907227
RRS,14,5,1.7100205421447754
RRS,14,6,0.06183481216430664
RRS,14,7,1.5795502662658691
RRS,14,8,0.000934600830078125
RRS,14,9,-0.7067689895629883
RRS,14,10,-0.8186349868774414
RRS,14,11,0.19196224212646484
RRS,14,12,-2.928006410598755
RRS,14,13,-2.9277992248535156
RRS,14,14,-0.35814476013183594
RRS,15,0,0.0393214225769043
RRS,15,1,0.028732776641845703
RRS,15,2,-1.0793285369873047
RRS,15,3,-2.728226661682129
RRS,15,4,-0.7225542068481445
RRS,15,5,-0.8702430725097656
RRS,15,6,-1.2770442962646484
RRS,15,7,-0.8606314659118652
RRS,15,8,0.5977296829223633
RRS,15,9,-2.0392966270446777
RRS,15,10,1.1545257568359375
RRS,15,11,0.1640782356262207
RRS,15,12,0.7757062911987305
RRS,15,13,-0.6819863319396973
RRS,15,14,1.8294177055358887
RRS,16,0,-0.12105560302734375
RRS,16,1,-0.9564704895019531
RRS,16,2,-0.11909103393554688
RRS,16,3,-0.6013154983520508
RRS,16,4,-0.2383260726928711
RRS,16,5,-1.3619756698608398
RRS,16,6,-1.491997241973877
RRS,16,7,-1.5010809898376465
RRS,16,8,-0.9843101501464844
RRS,16,9,-0.46587371826171875
RRS,16,10,-0.16013431549072266
RRS,16,11,-0.22228717803955078
RRS,16,12,-0.5734024047851562
RRS,16,13,0.011124610900878906
RRS,16,14,-0.33547115325927734
RRS,17,0,-0.734992504119873
RRS,17,1,-1.9778661727905273
RRS,17,2,0.03777456283569336
RRS,17,3,-0.05169105529785156
RRS,17,4,-0.4252457618713379
RRS,17,5,0.8301997184753418
RRS,17,6,-0.26705026626586914
RRS,17,7,-0.6542606353759766
RRS,17,8,0.4356546401977539
RRS,17,9,0.1716442108154297
RRS,17,10,1.6550898551940918
RRS,17,11,-0.7399368286132812
RRS,17,12,-0.8496479988098145
RRS,17,13,0.8739066123962402
RRS,17,14,-1.0441875457763672
RRS,18,0,-0.7349915504455566
RRS,18,1,-0.5454535484313965
RRS,18,2,0.013030529022216797
RRS,18,3,-0.8567047119140625
RRS,18,4,1.9160704612731934
RRS,18,5,1.2654402256011963
RRS,18,6,-0.918189287185669
RRS,18,7,0.752103328704834
RRS,18,8,0.8038256168365479
RRS,18,9,1.6276953220367432
RRS,18,10,2.6413018703460693
RRS,18,11,0.7540442943572998
RRS,18,12,1.6838531494140625
RRS,18,13,-0.9051427841186523
RRS,18,14,0.0009617805480957031
RRS,19,0,-0.7349920272827148
RRS,19,1,-0.24249982833862305
RRS,19,2,-0.856480598449707
RRS,19,3,-0.41248559951782227
RRS,19,4,-2.226147174835205
RRS,19,5,-1.3553862571716309
RRS,19,6,-1.5050339698791504
RRS,19,7,-1.2083420753479004
RRS,19,8,-1.9318666458129883
RRS,19,9,0.8161368370056152
RRS,19,10,-0.035597801208496094
RRS,19,11,0.5740070343017578
RRS,19,12,-1.134335994720459
RRS,19,13,-0.4421396255493164
RRS,19,14,1.1571431159973145
RRS,20,0,0.0393223762512207
RRS,20,1,-0.7568931579589844
RRS,20,2,-1.289113998413086
RRS,20,3,-1.968630313873291
RRS,20,4,-1.1290416717529297
RRS,20,5,-2.1186723709106445
RRS,20,6,-1.6649041175842285
RRS,20,7,-1.0673999786376953
RRS,20,8,-1.6578078269958496
RRS,20,9,-3.244987964630127
RRS,20,10,-0.7488517761230469
RRS,20,11,-1.9911823272705078
RRS,20,12,-1.8439044952392578
RRS,20,13,-2.3762075901031494
RRS,20,14,-1.6512558460235596
RRS,21,0,-0.7349929809570312
RRS,21,1,-1.977865219116211
RRS,21,2,-0.8355499505996704
RRS,21,3,0.38328123092651367
RRS,21,4,0.35694313049316406
RRS,21,5,-0.520759105682373
RRS,21,6,1.0691518783569336
RRS,21,7,0.04176139831542969
RRS,21,8,-0.35358667373657227
RRS,21,9,-1.7728519439697266
RRS,21,10,-1.4718947410583496
RRS,21,11,0.8127336502075195
RRS,21,12,1.0498380661010742
RRS,21,13,-0.22014904022216797
RRS,21,14,0.6692676544189453
RRS,22,0,-0.7349920272827148
RRS,22,1,-0.5454521179199219
RRS,22,2,-1.488490104675293
RRS,22,3,-1.2546238899230957
RRS,22,4,0.5660147666931152
RRS,22,5,1.9110345840454102
RRS,22,6,1.3797035217285156
RRS,22,7,-0.049202919006347656
RRS,22,8,-2.3401947021484375
RRS,22,9,-0.43622303009033203
RRS,22,10,-1.514951467514038
RRS,22,11,0.9856972694396973
RRS,22,12,2.13051176071167
RRS,22,13,0.060337066650390625
RRS,22,14,-1.3789634704589844
RRS,23,0,-0.734992504119873
RRS,23,1,-1.40510892868042
RRS,23,2,-1.5671977996826172
RRS,23,3,-0.9965419769287109
RRS,23,4,-0.8486833572387695
RRS,23,5,-0.8183984756469727
RRS,23,6,-0.30105018615722656
RRS,23,7,-0.1339864730834961
RRS,23,8,0.029326438903808594
RRS,23,9,0.004076957702636719
RRS,23,10,-0.20154380798339844
RRS,23,11,0.49881553649902344
RRS,23,12,-0.5030221939086914
RRS,23,13,0.7130146026611328
RRS,23,14,0.6661710739135742
RRS,24,0,-0.7349915504455566
RRS,24,1,-0.6686267852783203
RRS,24,2,-0.6933460235595703
RRS,24,3,-1.691917896270752
RRS,24,4,-0.5360150337219238
RRS,24,5,-2.097775459289551
RRS,24,6,-0.13030672073364258
RRS,24,7,-1.1081633567810059
RRS,24,8,-0.002201080322265625
RRS,24,9,-0.5494480133056641
RRS,24,10,-1.6432499885559082
RRS,24,11,-0.4012641906738281
RRS,24,12,-0.1258835792541504
RRS,24,13,-0.21543598175048828
RRS,24,14,0.7369198799133301
RRS,25,0,-0.12105560302734375
RRS,25,1,2.5318570137023926
RRS,25,2,-1.609656810760498
RRS,25,3,-0.6973934173583984
RRS,25,4,-2.9893574714660645
RRS,25,5,-1.2655582427978516
RRS,25,6,-1.1753478050231934
RRS,25,7,-0.373110294342041
RRS,25,8,-1.1608448028564453
RRS,25,9,-0.9480381011962891
RRS,25,10,-0.4121818542480469
RRS,25,11,-0.6175642013549805
RRS,25,12,-0.5959806442260742
RRS,25,13,-0.821807861328125
RRS,25,14,-0.3802604675292969
RRS,26,0,-0.7349929809570312
RRS,26,1,0.8382461071014404
RRS,26,2,-0.7561726570129395
RRS,26,3,-1.2816495895385742
RRS,26,4,0.4640827178955078
RRS,26,5,-0.7379703521728516
RRS,26,6,-0.8405857086181641
RRS,26,7,-0.07392311096191406
RRS,26,8,-0.5501079559326172
RRS,26,9,-1.2472023963928223
RRS,26,10,-1.3978281021118164
RRS,26,11,-1.0264620780944824
RRS,26,12,-0.44691944122314453
RRS,26,13,0.2374734878540039
RRS,26,14,-0.0015201568603515625
RRS,27,0,-0.7349915504455566
RRS,27,1,-1.40510892868042
RRS,27,2,-0.9812464714050293
RRS,27,3,-0.7109417915344238
RRS,27,4,-0.031642913818359375
RRS,27,5,-0.7218432426452637
RRS,27,6,-1.3824424743652344
RRS,27,7,-1.813549518585205
RRS,27,8,0.5033154487609863
RRS,27,9,-0.6351113319396973
RRS,27,10,-1.5921950340270996
RRS,27,11,0.12120485305786133
RRS,27,12,-0.5089397430419922
RRS,27,13,0.7247042655944824
RRS,27,14,0.7567448616027832
RRS,28,0,-0.7349920272827148
RRS,28,1,1.126542091369629
RRS,28,2,-0.6202960014343262
RRS,28,3,-0.46723270416259766
RRS,28,4,-1.1976709365844727
RRS,28,5,-1.239778995513916
RRS,28,6,-0.4389762878417969
RRS,28,7,-0.9384517669677734
RRS,28,8,-2.119424819946289
RRS,28,9,-1.1606636047363281
RRS,28,10,0.7555704116821289
RRS,28,11,0.28022241592407227
RRS,28,12,0.633690357208252
RRS,28,13,0.6735844612121582
RRS,28,14,0.3247556686401367
RRS,29,0,-0.7349915504455566
RRS,29,1,-1.9778671264648438
RRS,29,2,-0.051957130432128906
RRS,29,3,-1.3259344100952148
RRS,29,4,0.9384503364562988
RRS,29,5,2.15543532371521
RRS,29,6,1.547703742980957
RRS,29,7,1.031751036643982
RRS,29,8,1.6515984535217285
RRS,29,9,-0.34877267479896545
RRS,29,10,-0.4068920314311981
RRS,29,11,0.7838461399078369
RRS,29,12,2.0994842052459717
RRS,29,13,0.48041725158691406
RRS,29,14,3.782334327697754
RRS,30,0,0.0393214225769043
RRS,30,1,-1.0666704177856445
RRS,30,2,-1.24729585647583
RRS,30,3,-0.8249673843383789
RRS,30,4,-1.746044635772705
RRS,30,5,-0.9687948226928711
RRS,30,6,-0.6298961639404297
RRS,30,7,-0.9096813201904297
RRS,30,8,-0.7617549896240234
RRS,30,9,-1.640134334564209
RRS,30,10,-0.6133432388305664
RRS,30,11,-0.8516035079956055
RRS,30,12,-1.1743745803833008
RRS,30,13,-1.237724781036377
RRS,30,14,-0.0003795623779296875
RRS,31,0,-0.7349915504455566
RRS,31,1,1.1265406608581543
RRS,31,2,-2.413494110107422
RRS,31,3,-2.6801743507385254
RRS,31,4,0.09450387954711914
RRS,31,5,-1.7258353233337402
RRS,31,6,0.39894771575927734
RRS,31,7,1.6405909061431885
RRS,31,8,-0.9243302345275879
RRS,31,9,-1.01249098777771
RRS,31,10,1.7132940292358398
RRS,31,11,3.0370354652404785
RRS,31,12,1.6546008586883545
RRS,31,13,3.5010125637054443
RRS,31,14,2.6493115425109863
RRS,32,0,-0.734992504119873
RRS,32,1,-0.026132583618164062
RRS,32,2,-1.4082751274108887
RRS,32,3,-0.38257408142089844
RRS,32,4,-0.3138275146484375
RRS,32,5,-0.8395872116088867
RRS,32,6,-0.25226688385009766
RRS,32,7,-0.7280263900756836
RRS,32,8,-0.3090248107910156
RRS,32,9,0.027380943298339844
RRS,32,10,-0.30150413513183594
RRS,32,11,-0.33055686950683594
RRS,32,12,-0.6591720581054688
RRS,32,13,-0.8848295211791992
RRS,32,14,-1.6653151512145996
RRS,33,0,-0.7349920272827148
RRS,33,1,-0.5454525947570801
RRS,33,2,-0.2967805862426758
RRS,33,3,-0.24622058868408203
RRS,33,4,-1.0080804824829102
RRS,33,5,-0.029715538024902344
RRS,33,6,-1.7604851722717285
RRS,33,7,-1.9681739807128906
RRS,33,8,-2.0262398719787598
RRS,33,9,-1.64617919921875
RRS,33,10,-1.3890008926391602
RRS,33,11,-0.9500131607055664
RRS,33,12,-1.620253562927246
RRS,33,13,-1.9285149574279785
RRS,33,14,-0.9449276924133301
RRS,34,0,-0.7349915504455566
RRS,34,1,-0.4150576591491699
RRS,34,2,-1.549647331237793
RRS,34,3,-1.6247940063476562
RRS,34,4,-0.7886209487915039
RRS,34,5,-1.1415557861328125
RRS,34,6,-1.2870287895202637
RRS,34,7,-0.1453075408935547
RRS,34,8,-0.19828510284423828
RRS,34,9,0.024766921997070312
RRS,34,10,0.10768508911132812
RRS,34,11,-0.3942146301269531
RRS,34,12,-0.2411651611328125
RRS,34,13,-0.19368839263916016
RRS,34,14,0.025911331176757812
RRS,35,0,-0.7349929809570312
RRS,35,1,-0.5454530715942383
RRS,35,2,0.013031005859375
RRS,35,3,-0.9249677658081055
RRS,35,4,-0.7171745300292969
RRS,35,5,-0.24837779998779297
RRS,35,6,-0.6267585754394531
RRS,35,7,-0.30632591247558594
RRS,35,8,-0.3621635437011719
RRS,35,9,0.3554716110229492
RRS,35,10,-0.2102069854736328
RRS,35,11,-0.4377021789550781
RRS,35,12,-0.9349546432495117
RRS,35,13,-1.0395936965942383
RRS,35,14,-1.1045022010803223
RRS,36,0,-0.734992504119873
RRS,36,1,-0.5454525947570801
RRS,36,2,-1.3575544357299805
RRS,36,3,-0.4962611198425293
RRS,36,4,0.13354158401489258
RRS,36,5,-0.41567564010620117
RRS,36,6,1.2523865699768066
RRS,36,7,0.9468979835510254
RRS,36,8,1.5085210800170898
RRS,36,9,0.35210323333740234
RRS,36,10,2.598663806915283
RRS,36,11,2.311047077178955
RRS,36,12,-0.6967611312866211
RRS,36,13,1.844529628753662
RRS,36,14,-1.9753475189208984
RRS,37,0,-0.7349929809570312
RRS,37,1,-0.5454530715942383
RRS,37,2,-0.4429130554199219
RRS,37,3,-0.0636286735534668
RRS,37,4,-0.74176025390625
RRS,37,5,-1.189504623413086
RRS,37,6,-0.6698360443115234
RRS,37,7,-1.5709190368652344
RRS,37,8,-0.03214597702026367
RRS,37,9,-1.6884899139404297
RRS,37,10,2.969001293182373
RRS,37,11,-0.4983329772949219
RRS,37,12,-0.07593679428100586
RRS,37,13,-2.123739242553711
RRS,37,14,0.6047968864440918
RRS,38,0,-0.12105369567871094
RRS,38,1,-0.014065742492675781
RRS,38,2,-1.612104892730713
RRS,38,3,-1.8916025161743164
RRS,38,4,-0.7847275733947754
RRS,38,5,-0.26137495040893555
RRS,38,6,0.16714811325073242
RRS,38,7,0.7606401443481445
RRS,38,8,1.0500621795654297
RRS,38,9,1.4650917053222656
RRS,38,10,0.5753836631774902
RRS,38,11,1.7055394649505615
RRS,38,12,-0.34370505809783936
RRS,38,13,1.6605033874511719
RRS,38,14,-0.022746562957763672
RRS,39,0,-0.7349929809570312
RRS,39,1,-1.977865219116211
RRS,39,2,-0.2846364974975586
RRS,39,3,-0.557459831237793
RRS,39,4,-1.0910606384277344
RRS,39,5,-1.169933795928955
RRS,39,6,-0.30254554748535156
RRS,39,7,-0.14803409576416016
RRS,39,8,-0.41719627380371094
RRS,39,9,0.1879892349243164
RRS,39,10,-0.3609771728515625
RRS,39,11,-0.2957758903503418
RRS,39,12,-1.5612788200378418
RRS,39,13,-0.39490699768066406
RRS,39,14,-1.3329048156738281
RRS,40,0,-0.7349915504455566
RRS,40,1,-1.40510892868042
RRS,40,2,-0.4572415351867676
RRS,40,3,-0.744143009185791
RRS,40,4,-1.279296875
RRS,40,5,-0.8347034454345703
RRS,40,6,-1.844313144683838
RRS,40,7,-0.7824211120605469
RRS,40,8,-1.2826719284057617
RRS,40,9,0.41650390625
RRS,40,10,-0.33324432373046875
RRS,40,11,1.078719139099121
RRS,40,12,-1.0143308639526367
RRS,40,13,0.2847127914428711
RRS,40,14,-0.46952199935913086
RRS,41,0,-0.7349929809570312
RRS,41,1,-1.4051079750061035
RRS,41,2,-1.5671982765197754
RRS,41,3,-2.522937297821045
RRS,41,4,-1.7317957878112793
RRS,41,5,1.5889487266540527
RRS,41,6,-0.06807088851928711
RRS,41,7,2.367313861846924
RRS,41,8,0.6063683032989502
RRS,41,9,0.2595844268798828
RRS,41,10,0.24686622619628906
RRS,41,11,0.5403237342834473
RRS,41,12,2.895538806915283
RRS,41,13,1.6504101753234863
RRS,41,14,2.062558174133301
RRS,42,0,-0.7349929809570312
RRS,42,1,-1.977865219116211
RRS,42,2,0.03777456283569336
RRS,42,3,-0.9087638854980469
RRS,42,4,0.2900094985961914
RRS,42,5,-0.058968544006347656
RRS,42,6,-1.2076754570007324
RRS,42,7,-0.15789079666137695
RRS,42,8,0.8759765625
RRS,42,9,0.5533289909362793
RRS,42,10,1.7356634140014648
RRS,42,11,2.8289573192596436
RRS,42,12,4.079090595245361
RRS,42,13,0.34421634674072266
RRS,42,14,1.3532519340515137
RRS,43,0,-0.7349915504455566
RRS,43,1,-0.6736807823181152
RRS,43,2,-0.7578434944152832
RRS,43,3,-0.787074089050293
RRS,43,4,0.4260978698730469
RRS,43,5,-0.7746858596801758
RRS,43,6,0.4349327087402344
RRS,43,7,-0.3176097869873047
RRS,43,8,2.1149368286132812
RRS,43,9,2.125326156616211
RRS,43,10,0.025379657745361328
RRS,43,11,1.8159716129302979
RRS,43,12,-0.24310302734375
RRS,43,13,3.3062028884887695
RRS,43,14,1.158041000366211
RRS,44,0,-0.7349915504455566
RRS,44,1,-1.4051079750061035
RRS,44,2,-1.184523105621338
RRS,44,3,-0.695981502532959
RRS,44,4,-0.35132598876953125
RRS,44,5,1.236316204071045
RRS,44,6,-0.7864220142364502
RRS,44,7,1.5003647804260254
RRS,44,8,0.8624367713928223
RRS,44,9,1.4930076599121094
RRS,44,10,-0.5122823715209961
RRS,44,11,2.2289223670959473
RRS,44,12,0.846034049987793
RRS,44,13,1.9710330963134766
RRS,44,14,0.6776695251464844
RRS,45,0,0.0393223762512207
RRS,45,1,0.07355737686157227
RRS,45,2,0.006683826446533203
RRS,45,3,-0.17256736755371094
RRS,45,4,0.8838324546813965
RRS,45,5,-0.02236175537109375
RRS,45,6,3.1272683143615723
RRS,45,7,2.143704891204834
RRS,45,8,1.5364227294921875
RRS,45,9,1.9877662658691406
RRS,45,10,2.300609827041626
RRS,45,11,1.4812800884246826
RRS,45,12,2.527601480484009
RRS,45,13,3.0700795650482178
RRS,45,14,1.517237901687622
RRS,46,0,0.0393218994140625
RRS,46,1,-0.5789189338684082
RRS,46,2,-0.4228935241699219
RRS,46,3,-0.2260303497314453
RRS,46,4,-0.7422871589660645
RRS,46,5,-0.6791954040527344
RRS,46,6,-0.3562793731689453
RRS,46,7,-0.8879432678222656
RRS,46,8,-0.5026950836181641
RRS,46,9,-1.710458755493164
RRS,46,10,-2.4777684211730957
RRS,46,11,-0.9702005386352539
RRS,46,12,-1.96234130859375
RRS,46,13,-1.1575512886047363
RRS,46,14,-1.88871431350708
RRS,47,0,-0.7349915504455566
RRS,47,1,-0.026131629943847656
RRS,47,2,-0.3503890037536621
RRS,47,3,-1.4113188982009888
RRS,47,4,0.3024320602416992
RRS,47,5,-0.9890632629394531
RRS,47,6,-1.2889270782470703
RRS,47,7,-2.315871238708496
RRS,47,8,-1.1425132751464844
RRS,47,9,-1.2646808624267578
RRS,47,10,0.49460887908935547
RRS,47,11,-0.8368406295776367
RRS,47,12,-0.29320716857910156
RRS,47,13,0.8610258102416992
RRS,47,14,0.02334880828857422
RRS,48,0,-0.7349929809570312
RRS,48,1,-0.7840847373008728
RRS,48,2,-0.7829351425170898
RRS,48,3,-0.3494429588317871
RRS,48,4,-1.054978847503662
RRS,48,5,-0.6331939697265625
RRS,48,6,-1.366628646850586
RRS,48,7,-0.4526486396789551
RRS,48,8,-1.5448594093322754
RRS,48,9,-1.45662260055542
RRS,48,10,0.7750930786132812
RRS,48,11,-0.5337238311767578
RRS,48,12,-1.751023769378662
RRS,48,13,-0.032466888427734375
RRS,48,14,-0.10657024383544922
RRS,49,0,-0.7349920272827148
RRS,49,1,-0.4150571823120117
RRS,49,2,-0.8487396240234375
RRS,49,3,-0.2247018814086914
RRS,49,4,-0.4702615737915039
RRS,49,5,-0.36928462982177734
RRS,49,6,0.3272252082824707
RRS,49,7,0.14663314819335938
RRS,49,8,0.04019641876220703
RRS,49,9,-0.1815505027770996
RRS,49,10,-0.8102383613586426
RRS,49,11,0.0758814811706543
RRS,49,12,0.14870119094848633
RRS,49,13,1.3190550804138184
RRS,49,14,1.7421507835388184
RRS,50,0,-0.734992504119873
RRS,50,1,-0.5192198753356934
RRS,50,2,-1.0604126453399658
RRS,50,3,0.2783331871032715
RRS,50,4,0.37181615829467773
RRS,50,5,2.7141361236572266
RRS,50,6,-0.833845853805542
RRS,50,7,-1.270653247833252
RRS,50,8,0.20848703384399414
RRS,50,9,-1.2964487075805664
RRS,50,10,1.1863017082214355
RRS,50,11,-0.8221712112426758
RRS,50,12,0.9961881637573242
RRS,50,13,-0.0015974044799804688
RRS,50,14,0.10151004791259766
RRS,51,0,-0.7349929809570312
RRS,51,1,-1.9778656959533691
RRS,51,2,-0.37291860580444336
RRS,51,3,2.098134994506836
RRS,51,4,-0.04141354560852051
RRS,51,5,0.973926305770874
RRS,51,6,2.8221991062164307
RRS,51,7,2.369096040725708
RRS,51,8,2.5227882862091064
RRS,51,9,1.2878117561340332
RRS,51,10,0.7460818290710449
RRS,51,11,0.6171298027038574
RRS,51,12,0.3433871269226074
RRS,51,13,1.4259815216064453
RRS,51,14,0.4730052947998047
RRS,52,0,-0.7349915504455566
RRS,52,1,1.748530387878418
RRS,52,2,-0.775693416595459
RRS,52,3,-0.6809206008911133
RRS,52,4,-2.5068321228027344
RRS,52,5,-0.28965330123901367
RRS,52,6,-0.8418622016906738
RRS,52,7,0.01564502716064453
RRS,52,8,-0.3212699890136719
RRS,52,9,-2.529672622680664
RRS,52,10,-0.38320064544677734
RRS,52,11,-0.7745213508605957
RRS,52,12,0.044513702392578125
RRS,52,13,0.4830350875854492
RRS,52,14,0.8161525726318359
RRS,53,0,-0.734992504119873
RRS,53,1,-0.5454525947570801
RRS,53,2,0.013030052185058594
RRS,53,3,-0.24325275421142578
RRS,53,4,0.15631389617919922
RRS,53,5,-0.1314525604248047
RRS,53,6,0.7428178787231445
RRS,53,7,-0.2576150894165039
RRS,53,8,-0.28349971771240234
RRS,53,9,-1.4346656799316406
RRS,53,10,0.060362815856933594
RRS,53,11,0.7444734573364258
RRS,53,12,0.4056568145751953
RRS,53,13,1.232741355895996
RRS,53,14,-0.5855903625488281
RRS,54,0,-0.7349929809570312
RRS,54,1,-1.4051079750061035
RRS,54,2,-1.5671982765197754
RRS,54,3,-1.2656211853027344
RRS,54,4,1.6816842555999756
RRS,54,5,1.359616756439209
RRS,54,6,1.342301845550537
RRS,54,7,-0.8888468742370605
RRS,54,8,-0.1813216209411621
RRS,54,9,-0.5164504051208496
RRS,54,10,0.9579691886901855
RRS,54,11,-0.8422679901123047
RRS,54,12,0.05376148223876953
RRS,54,13,-0.30611419677734375
RRS,54,14,0.045764923095703125
RRS,55,0,-0.7349915504455566
RRS,55,1,-1.9778661727905273
RRS,55,2,-0.284635066986084
RRS,55,3,-0.557459831237793
RRS,55,4,-1.091059684753418
RRS,55,5,-0.03098011016845703
RRS,55,6,0.20587444305419922
RRS,55,7,-0.30898094177246094
RRS,55,8,-0.6373558044433594
RRS,55,9,-0.915797233581543
RRS,55,10,-0.5408935546875
RRS,55,11,-0.4753761291503906
RRS,55,12,-1.5819520950317383
RRS,55,13,-0.3774404525756836
RRS,55,14,-1.5266728401184082
RRS,56,0,-0.7349915504455566
RRS,56,1,-0.2211933135986328
RRS,56,2,-0.5932745933532715
RRS,56,3,-0.04022073745727539
RRS,56,4,-0.12826967239379883
RRS,56,5,1.3472709655761719
RRS,56,6,-0.34184694290161133
RRS,56,7,2.7412362098693848
RRS,56,8,-0.8979470729827881
RRS,56,9,0.3772130012512207
RRS,56,10,1.042718529701233
RRS,56,11,0.9638500213623047
RRS,56,12,-1.1794929504394531
RRS,56,13,-0.3296384811401367
RRS,56,14,0.34334754943847656
RRS,57,0,0.0393223762512207
RRS,57,1,0.00323486328125
RRS,57,2,-0.23230218887329102
RRS,57,3,-0.16831064224243164
RRS,57,4,-0.2898216247558594
RRS,57,5,-0.8985891342163086
RRS,57,6,-0.11001110076904297
RRS,57,7,0.0878152847290039
RRS,57,8,-0.21801090240478516
RRS,57,9,-0.6240811347961426
RRS,57,10,-0.7624979019165039
RRS,57,11,-0.4385795593261719
RRS,57,12,-1.0060362815856934
RRS,57,13,-0.6666460037231445
RRS,57,14,-0.8090925216674805
RRS,58,0,-0.7349929809570312
RRS,58,1,-1.977865219116211
RRS,58,2,-1.16963529586792
RRS,58,3,0.27678442001342773
RRS,58,4,0.3608407974243164
RRS,58,5,-0.8395652770996094
RRS,58,6,-0.4559326171875
RRS,58,7,-0.7679862976074219
RRS,58,8,-0.7697563171386719
RRS,58,9,-1.1072306632995605
RRS,58,10,-1.9430732727050781
RRS,58,11,-1.7401151657104492
RRS,58,12,-1.4748058319091797
RRS,58,13,-1.310854434967041
RRS,58,14,-1.390376091003418
RRS,59,0,-0.7349920272827148
RRS,59,1,-0.7840839624404907
RRS,59,2,-1.1487278938293457
RRS,59,3,-0.5029025077819824
RRS,59,4,0.351076602935791
RRS,59,5,1.9659733772277832
RRS,59,6,1.6727375984191895
RRS,59,7,0.217529296875
RRS,59,8,-0.1218724250793457
RRS,59,9,2.3330206871032715
RRS,59,10,0.014485955238342285
RRS,59,11,2.9463753700256348
RRS,59,12,0.34070682525634766
RRS,59,13,0.27336549758911133
RRS,59,14,0.5735759735107422
RRS,60,0,-0.734992504119873
RRS,60,1,-1.40510892868042
RRS,60,2,-2.184451103210449
RRS,60,3,-0.7352395057678223
RRS,60,4,0.5232172012329102
RRS,60,5,1.1790995597839355
RRS,60,6,0.3998603820800781
RRS,60,7,-1.286142349243164
RRS,60,8,-1.2641143798828125
RRS,60,9,-1.3516864776611328
RRS,60,10,-1.1041197776794434
RRS,60,11,-0.20857620239257812
RRS,60,12,0.061081886291503906
RRS,60,13,0.1072540283203125
RRS,60,14,0.2537069320678711
RRS,61,0,-0.7349920272827148
RRS,61,1,-1.40510892868042
RRS,61,2,-1.0689339637756348
RRS,61,3,-0.9527740478515625
RRS,61,4,-0.28871631622314453
RRS,61,5,-1.5010251998901367
RRS,61,6,-1.5417990684509277
RRS,61,7,-1.2926068305969238
RRS,61,8,-0.9568524360656738
RRS,61,9,0.7280397415161133
RRS,61,10,0.1506633758544922
RRS,61,11,-1.3615260124206543
RRS,61,12,-0.6198172569274902
RRS,61,13,-1.4763660430908203
RRS,61,14,-0.47468090057373047
RRS,62,0,-0.7349929809570312
RRS,62,1,-0.4150581359863281
RRS,62,2,-0.38097620010375977
RRS,62,3,-0.09432029724121094
RRS,62,4,-0.40325307846069336
RRS,62,5,-0.7114443778991699
RRS,62,6,-0.2393503189086914
RRS,62,7,-1.4399504661560059
RRS,62,8,0.0077953338623046875
RRS,62,9,-0.9228725433349609
RRS,62,10,-0.39249134063720703
RRS,62,11,-0.9878330230712891
RRS,62,12,0.34490489959716797
RRS,62,13,0.38255977630615234
RRS,62,14,0.49400949478149414
RRS,63,0,-0.12105560302734375
RRS,63,1,-0.1928396224975586
RRS,63,2,-0.7028636932373047
RRS,63,3,1.5237147808074951
RRS,63,4,1.527660846710205
RRS,63,5,-0.46946239471435547
RRS,63,6,0.8691983222961426
RRS,63,7,-1.8395648002624512
RRS,63,8,-1.0931124687194824
RRS,63,9,-1.784660816192627
RRS,63,10,-1.6997308731079102
RRS,63,11,-0.5563936233520508
RRS,63,12,-0.2961540222167969
RRS,63,13,-0.20758962631225586
RRS,63,14,-0.4473304748535156
RRS,64,0,-0.734992504119873
RRS,64,1,-0.026132583618164062
RRS,64,2,-1.6029839515686035
RRS,64,3,-2.5480990409851074
RRS,64,4,-0.34334278106689453
RRS,64,5,-2.1986799240112305
RRS,64,6,-0.4892158508300781
RRS,64,7,-0.14846038818359375
RRS,64,8,0.18013858795166016
RRS,64,9,-0.9018368721008301
RRS,64,10,0.6166477203369141
RRS,64,11,0.6021995544433594
RRS,64,12,-1.1334872245788574
RRS,64,13,0.7515239715576172
RRS,64,14,-0.782557487487793
RRS,65,0,-0.7349920272827148
RRS,65,1,-1.0434989929199219
RRS,65,2,-0.5235843658447266
RRS,65,3,-1.0453505516052246
RRS,65,4,0.07253456115722656
RRS,65,5,-0.7564020156860352
RRS,65,6,-1.887099266052246
RRS,65,7,-1.1495471000671387
RRS,65,8,-0.01898193359375
RRS,65,9,-0.677332878112793
RRS,65,10,-1.2731213569641113
RRS,65,11,-1.04679536819458
RRS,65,12,-0.1345205307006836
RRS,65,13,-0.835606575012207
RRS,65,14,-0.515477180480957
RRS,66,0,0.0393223762512207
RRS,66,1,0.09298229217529297
RRS,66,2,-0.9110345840454102
RRS,66,3,-2.1635475158691406
RRS,66,4,-0.8172521591186523
RRS,66,5,-1.2475061416625977
RRS,66,6,-1.4973607063293457
RRS,66,7,-1.7081694602966309
RRS,66,8,-2.995826244354248
RRS,66,9,-0.42350196838378906
RRS,66,10,-2.1756858825683594
RRS,66,11,-0.7252349853515625
RRS,66,12,-0.6432065963745117
RRS,66,13,-0.26871776580810547
RRS,66,14,-0.595679759979248
RRS,67,0,-0.7349920272827148
RRS,67,1,-0.5454521179199219
RRS,67,2,-0.25541257858276367
RRS,67,3,0.7482562065124512
RRS,67,4,-0.5427341461181641
RRS,67,5,-0.3815302848815918
RRS,67,6,-0.6959757804870605
RRS,67,7,-0.5070462226867676
RRS,67,8,0.23446035385131836
RRS,67,9,-0.46984004974365234
RRS,67,10,-0.5762081146240234
RRS,67,11,-1.566579818725586
RRS,67,12,-0.7212057113647461
RRS,67,13,-0.3388071060180664
RRS,67,14,-0.9975571632385254
RRS,68,0,-0.7349915504455566
RRS,68,1,-0.5454535484313965
RRS,68,2,-1.3164501190185547
RRS,68,3,-0.7651181221008301
RRS,68,4,-0.34333229064941406
RRS,68,5,0.1949167251586914
RRS,68,6,-1.7991313934326172
RRS,68,7,0.3840484619140625
RRS,68,8,-0.5005273818969727
RRS,68,9,-0.21345043182373047
RRS,68,10,0.4667930603027344
RRS,68,11,0.17977046966552734
RRS,68,12,-1.8492469787597656
RRS,68,13,-0.04814863204956055
RRS,68,14,-1.6688528060913086
RRS,69,0,-0.7349920272827148
RRS,69,1,-1.0434989929199219
RRS,69,2,-1.2120389938354492
RRS,69,3,-1.0565638542175293
RRS,69,4,-0.6021976470947266
RRS,69,5,-1.8820881843566895
RRS,69,6,-0.14719867706298828
RRS,69,7,0.754180908203125
RRS,69,8,-0.914891242980957
RRS,69,9,-1.2310457229614258
RRS,69,10,0.4825873374938965
RRS,69,11,0.7508144378662109
RRS,69,12,0.08562660217285156
RRS,69,13,-0.24828672409057617
RRS,69,14,0.4121222496032715
RRS,70,0,-0.7349915504455566
RRS,70,1,-0.5454530715942383
RRS,70,2,-1.3164491653442383
RRS,70,3,-0.5220069885253906
RRS,70,4,-0.8131895065307617
RRS,70,5,-0.564570426940918
RRS,70,6,-0.8112974166870117
RRS,70,7,-0.8326625823974609
RRS,70,8,-0.3739948272705078
RRS,70,9,-1.8702545166015625
RRS,70,10,-1.3603458404541016
RRS,70,11,-0.3748435974121094
RRS,70,12,0.23235702514648438
RRS,70,13,-0.17252254486083984
RRS,70,14,-0.8806471824645996
RRS,71,0,-0.7349915504455566
RRS,71,1,-1.9778661727905273
RRS,71,2,-1.0776052474975586
RRS,71,3,-2.1033716201782227
RRS,71,4,0.4628758430480957
RRS,71,5,-1.354696273803711
RRS,71,6,-0.9661726951599121
RRS,71,7,0.6383748054504395
RRS,71,8,-0.5336151123046875
RRS,71,9,-0.35939788818359375
RRS,71,10,1.312042236328125
RRS,71,11,1.5849390029907227
RRS,71,12,-0.08308696746826172
RRS,71,13,1.3656902313232422
RRS,71,14,0.3571786880493164
RRS,72,0,-0.7349915504455566
RRS,72,1,1.126540184020996
RRS,72,2,-0.7478795051574707
RRS,72,3,-1.4249153137207031
RRS,72,4,-1.4528264999389648
RRS,72,5,-0.7976970672607422
RRS,72,6,-0.9605941772460938
RRS,72,7,-0.7399778366088867
RRS,72,8,-0.25272655487060547
RRS,72,9,0.1732187271118164
RRS,72,10,0.5226726531982422
RRS,72,11,0.7419891357421875
RRS,72,12,-0.15459537506103516
RRS,72,13,0.21146774291992188
RRS,72,14,-0.7038555145263672
RRS,73,0,-0.734992504119873
RRS,73,1,0.02226114273071289
RRS,73,2,-0.7562975883483887
RRS,73,3,-1.070723533630371
RRS,73,4,-0.6515703201293945
RRS,73,5,-0.8116145133972168
RRS,73,6,-1.0797944068908691
RRS,73,7,-0.6446571350097656
RRS,73,8,-0.2597084045410156
RRS,73,9,-0.7477474212646484
RRS,73,10,-0.6880893707275391
RRS,73,11,-1.7302899360656738
RRS,73,12,-0.6065425872802734
RRS,73,13,-1.8080244064331055
RRS,73,14,-0.8711948394775391
RRS,74,0,-0.7349915504455566
RRS,74,1,-1.0434985160827637
RRS,74,2,-0.922605037689209
RRS,74,3,-1.5732746124267578
RRS,74,4,-0.5386133193969727
RRS,74,5,-0.5482087135314941
RRS,74,6,-1.714780330657959
RRS,74,7,-1.1701149940490723
RRS,74,8,-1.4964475631713867
RRS,74,9,0.14128398895263672
RRS,74,10,-0.32350730895996094
RRS,74,11,0.5033693313598633
RRS,74,12,0.4237070083618164
RRS,74,13,-0.01984691619873047
RRS,74,14,-0.7843141555786133
RRS,75,0,-0.12105512619018555
RRS,75,1,-0.9564704895019531
RRS,75,2,0.15957403182983398
RRS,75,3,0.018929481506347656
RRS,75,4,1.2301208972930908
RRS,75,5,1.9630460739135742
RRS,75,6,-0.3573446273803711
RRS,75,7,-0.6356267929077148
RRS,75,8,-1.170436143875122
RRS,75,9,0.8251914978027344
RRS,75,10,-0.978381872177124
RRS,75,11,0.5319759845733643
RRS,75,12,0.021094441413879395
RRS,75,13,-2.4417831897735596
RRS,75,14,0.10886764526367188
RRS,76,0,-0.734992504119873
RRS,76,1,-1.4051094055175781
RRS,76,2,-1.7072319984436035
RRS,76,3,-0.5288124084472656
RRS,76,4,-0.9737424850463867
RRS,76,5,-0.6163463592529297
RRS,76,6,-1.2466168403625488
RRS,76,7,-0.5100202560424805
RRS,76,8,-1.5838494300842285
RRS,76,9,-0.4212837219238281
RRS,76,10,-0.7879934310913086
RRS,76,11,-0.7324342727661133
RRS,76,12,-0.09995269775390625
RRS,76,13,-0.9186086654663086
RRS,76,14,-0.9768080711364746
RRS,77,0,-0.12105560302734375
RRS,77,1,-1.8360028266906738
RRS,77,2,-1.000089168548584
RRS,77,3,-1.2231740951538086
RRS,77,4,-0.07316970825195312
RRS,77,5,-1.3100166320800781
RRS,77,6,-1.3583316802978516
RRS,77,7,-0.6943602561950684
RRS,77,8,-1.3582510948181152
RRS,77,9,-1.7272486686706543
RRS,77,10,-0.44326066970825195
RRS,77,11,-0.4463939666748047
RRS,77,12,-1.3780088424682617
RRS,77,13,-1.2611112594604492
RRS,77,14,0.6331982612609863
RRS,78,0,-0.7349920272827148
RRS,78,1,0.022263050079345703
RRS,78,2,-0.873222827911377
RRS,78,3,-1.3569650650024414
RRS,78,4,-2.016118049621582
RRS,78,5,-2.497434139251709
RRS,78,6,-2.103330612182617
RRS,78,7,0.30153751373291016
RRS,78,8,-0.16179990768432617
RRS,78,9,0.642573356628418
RRS,78,10,-0.2609720230102539
RRS,78,11,0.5490665435791016
RRS,78,12,-1.4560117721557617
RRS,78,13,-1.222804069519043
RRS,78,14,-0.5663986206054688
RRS,79,0,-0.7349915504455566
RRS,79,1,-0.5454530715942383
RRS,79,2,0.2305288314819336
RRS,79,3,1.6246126890182495
RRS,79,4,1.946904182434082
RRS,79,5,1.9362144470214844
RRS,79,6,1.646923303604126
RRS,79,7,1.2663109302520752
RRS,79,8,-0.5589406490325928
RRS,79,9,3.2537126541137695
RRS,79,10,-1.4674744606018066
RRS,79,11,1.143932580947876
RRS,79,12,2.6907527446746826
RRS,79,13,2.1082422733306885
RRS,79,14,0.6001485586166382
RRS,80,0,-0.7349915504455566
RRS,80,1,-0.7840849161148071
RRS,80,2,0.6580891609191895
RRS,80,3,-0.5965156555175781
RRS,80,4,-0.5196037292480469
RRS,80,5,-1.263197898864746
RRS,80,6,-0.6858739852905273
RRS,80,7,-0.3624448776245117
RRS,80,8,-0.7830572128295898
RRS,80,9,-1.5742197036743164
RRS,80,10,-1.283614158630371
RRS,80,11,-1.83821439743042
RRS,80,12,-2.0169639587402344
RRS,80,13,-1.8403501510620117
RRS,80,14,-2.0666427612304688
RRS,81,0,-0.7349920272827148
RRS,81,1,-0.026133060455322266
RRS,81,2,-0.2420501708984375
RRS,81,3,-1.0770034790039062
RRS,81,4,-0.5921049118041992
RRS,81,5,-1.0604305267333984
RRS,81,6,-0.643437385559082
RRS,81,7,1.703789234161377
RRS,81,8,-0.6307744979858398
RRS,81,9,-1.135667324066162
RRS,81,10,-0.8015837669372559
RRS,81,11,0.7516398429870605
RRS,81,12,0.4062938690185547
RRS,81,13,-0.014026641845703125
RRS,81,14,-0.46261119842529297
RRS,82,0,-0.7349920272827148
RRS,82,1,0.022262096405029297
RRS,82,2,-0.7562975883483887
RRS,82,3,-0.9311676025390625
RRS,82,4,-0.6974506378173828
RRS,82,5,-1.0196259021759033
RRS,82,6,-0.13915586471557617
RRS,82,7,-1.1698203086853027
RRS,82,8,-0.8024048805236816
RRS,82,9,-0.4522705078125
RRS,82,10,-1.0699234008789062
RRS,82,11,-1.4556884765625
RRS,82,12,-0.7927570343017578
RRS,82,13,-0.8717126846313477
RRS,82,14,-0.7364883422851562
RRS,83,0,-0.12105560302734375
RRS,83,1,-0.014065265655517578
RRS,83,2,-0.8284249305725098
RRS,83,3,1.3240346908569336
RRS,83,4,-0.5415849685668945
RRS,83,5,-1.3351759910583496
RRS,83,6,-1.0917110443115234
RRS,83,7,1.063657283782959
RRS,83,8,-0.9721274375915527
RRS,83,9,1.2362866401672363
RRS,83,10,-0.04515695571899414
RRS,83,11,0.34873104095458984
RRS,83,12,0.9323110580444336
RRS,83,13,0.4786057472229004
RRS,83,14,0.6523666381835938
RRS,84,0,-0.7349929809570312
RRS,84,1,0.022262096405029297
RRS,84,2,-0.8335976600646973
RRS,84,3,-1.6232647895812988
RRS,84,4,0.6961226463317871
RRS,84,5,0.08825206756591797
RRS,84,6,-0.11001253128051758
RRS,84,7,-1.2202849388122559
RRS,84,8,-1.7012195587158203
RRS,84,9,0.6950063705444336
RRS,84,10,-1.370373249053955
RRS,84,11,-1.6626405715942383
RRS,84,12,-1.5203981399536133
RRS,84,13,-0.4554719924926758
RRS,84,14,-1.877833366394043
RRS,85,0,-0.734992504119873
RRS,85,1,-0.33620738983154297
RRS,85,2,-2.1706480979919434
RRS,85,3,-0.3522319793701172
RRS,85,4,-1.1988449096679688
RRS,85,5,-0.4525184631347656
RRS,85,6,-2.0788331031799316
RRS,85,7,-0.48978519439697266
RRS,85,8,-0.534846305847168
RRS,85,9,2.1314215660095215
RRS,85,10,-1.005640983581543
RRS,85,11,0.569854736328125
RRS,85,12,3.0838985443115234
RRS,85,13,-0.9630093574523926
RRS,85,14,1.0929365158081055
RRS,86,0,-0.12105703353881836
RRS,86,1,-0.03832674026489258
RRS,86,2,1.7764973640441895
RRS,86,3,0.23383641242980957
RRS,86,4,3.2456881999969482
RRS,86,5,1.9314043521881104
RRS,86,6,1.794440507888794
RRS,86,7,-0.6437036991119385
RRS,86,8,-0.5138483047485352
RRS,86,9,0.3894801139831543
RRS,86,10,3.628622531890869
RRS,86,11,4.822668075561523
RRS,86,12,1.5739319324493408
RRS,86,13,4.208664894104004
RRS,86,14,3.5130951404571533
RRS,87,0,-0.7349920272827148
RRS,87,1,-0.22119426727294922
RRS,87,2,-1.395193099975586
RRS,87,3,-0.6957101821899414
RRS,87,4,-1.0488662719726562
RRS,87,5,0.04071998596191406
RRS,87,6,-0.6162405014038086
RRS,87,7,-0.9836416244506836
RRS,87,8,-0.44887828826904297
RRS,87,9,-0.4662327766418457
RRS,87,10,-1.1156234741210938
RRS,87,11,0.42000293731689453
RRS,87,12,-1.4126124382019043
RRS,87,13,-0.7748532295227051
RRS,87,14,-1.2803354263305664
RRS,88,0,-0.7349920272827148
RRS,88,1,-0.5192203521728516
RRS,88,2,-0.08139991760253906
RRS,88,3,-1.0150012969970703
RRS,88,4,-0.6427240371704102
RRS,88,5,-0.38168907165527344
RRS,88,6,-0.4789915084838867
RRS,88,7,-1.0863380432128906
RRS,88,8,-1.202509880065918
RRS,88,9,-0.24293041229248047
RRS,88,10,-1.2807836532592773
RRS,88,11,-0.43079566955566406
RRS,88,12,-0.3263530731201172
RRS,88,13,-1.0682997703552246
RRS,88,14,-0.5994024276733398
RRS,89,0,-0.7349920272827148
RRS,89,1,-0.5454521179199219
RRS,89,2,0.2305278778076172
RRS,89,3,1.6246122121810913
RRS,89,4,0.24077904224395752
RRS,89,5,3.2737324237823486
RRS,89,6,0.1062164306640625
RRS,89,7,1.4248690605163574
RRS,89,8,-0.7887740135192871
RRS,89,9,0.2615690231323242
RRS,89,10,0.41248607635498047
RRS,89,11,-0.9914035797119141
RRS,89,12,-0.02550029754638672
RRS,89,13,0.37341880798339844
RRS,89,14,-0.7404575347900391
RRS,90,0,-0.7349915504455566
RRS,90,1,-0.6736807823181152
RRS,90,2,-0.13709735870361328
RRS,90,3,-0.85711669921875
RRS,90,4,-0.4784975051879883
RRS,90,5,-1.029653549194336
RRS,90,6,-1.5106391906738281
RRS,90,7,-0.053249359130859375
RRS,90,8,-1.6270809173583984
RRS,90,9,0.28481483459472656
RRS,90,10,0.06756210327148438
RRS,90,11,0.36256980895996094
RRS,90,12,-0.03338909149169922
RRS,90,13,-1.0322065353393555
RRS,90,14,-0.28384876251220703
RRS,91,0,-0.12105655670166016
RRS,91,1,0.04750347137451172
RRS,91,2,-1.026597499847412
RRS,91,3,-1.4236483573913574
RRS,91,4,-1.0930438041687012
RRS,91,5,0.14869976043701172
RRS,91,6,-1.4630451202392578
RRS,91,7,-1.3478994369506836
RRS,91,8,0.22893619537353516
RRS,91,9,0.4468202590942383
RRS,91,10,-1.10040283203125
RRS,91,11,-1.3632326126098633
RRS,91,12,-0.04724407196044922
RRS,91,13,-0.3447723388671875
RRS,91,14,-0.518254280090332
RRS,92,0,-0.7349915504455566
RRS,92,1,0.02226114273071289
RRS,92,2,-0.3393549919128418
RRS,92,3,-1.3213911056518555
RRS,92,4,-1.1649408340454102
RRS,92,5,-1.1760673522949219
RRS,92,6,-0.46772098541259766
RRS,92,7,0.3052797317504883
RRS,92,8,-0.5862712860107422
RRS,92,9,-0.6771979331970215
RRS,92,10,-1.467118740081787
RRS,92,11,-0.5152654647827148
RRS,92,12,-0.9027395248413086
RRS,92,13,0.5827646255493164
RRS,92,14,-0.42006492614746094
RRS,93,0,-0.734992504119873
RRS,93,1,-0.6736807823181152
RRS,93,2,-0.4370112419128418
RRS,93,3,0.8678052425384521
RRS,93,4,1.3028593063354492
RRS,93,5,1.6330310106277466
RRS,93,6,0.19439125061035156
RRS,93,7,1.3750779628753662
RRS,93,8,1.604881763458252
RRS,93,9,2.0628128051757812
RRS,93,10,3.7616653442382812
RRS,93,11,0.9366376399993896
RRS,93,12,-0.9303984642028809
RRS,93,13,1.206568717956543
RRS,93,14,2.34047532081604
RRS,94,0,-0.12105560302734375
RRS,94,1,-1.5855050086975098
RRS,94,2,-0.5192899703979492
RRS,94,3,-0.31897687911987305
RRS,94,4,-0.6606111526489258
RRS,94,5,-1.4395439624786377
RRS,94,6,-1.7822744846343994
RRS,94,7,-1.8553173542022705
RRS,94,8,-1.9050066471099854
RRS,94,9,0.09470343589782715
RRS,94,10,0.18702960014343262
RRS,94,11,1.2099695205688477
RRS,94,12,-1.4466246366500854
RRS,94,13,1.174818515777588
RRS,94,14,1.5503922700881958
RRS,95,0,-0.7349915504455566
RRS,95,1,-0.5454535484313965
RRS,95,2,-0.4172024726867676
RRS,95,3,-0.4852924346923828
RRS,95,4,-0.3701190948486328
RRS,95,5,-1.3599591255187988
RRS,95,6,-0.14699745178222656
RRS,95,7,1.4595003128051758
RRS,95,8,0.6075243949890137
RRS,95,9,-0.9050445556640625
RRS,95,10,0.3474845886230469
RRS,95,11,-0.7257280349731445
RRS,95,12,0.9884872436523438
RRS,95,13,-1.5650067329406738
RRS,95,14,-3.0808863639831543
RRS,96,0,-0.7349915504455566
RRS,96,1,-0.6736807823181152
RRS,96,2,2.7155089378356934
RRS,96,3,0.5139017105102539
RRS,96,4,0.22979211807250977
RRS,96,5,-1.5390689373016357
RRS,96,6,1.6568574905395508
RRS,96,7,1.8678104877471924
RRS,96,8,2.7250311374664307
RRS,96,9,1.3737194538116455
RRS,96,10,-0.19992423057556152
RRS,96,11,0.22147321701049805
RRS,96,12,-0.18084239959716797
RRS,96,13,1.7752447128295898
RRS,96,14,1.4812531471252441
RRS,97,0,-0.7349920272827148
RRS,97,1,-0.026133060455322266
RRS,97,2,-1.60298490524292
RRS,97,3,-2.5481009483337402
RRS,97,4,-0.34334564208984375
RRS,97,5,-2.198681354522705
RRS,97,6,-0.48921680450439453
RRS,97,7,-0.14846038818359375
RRS,97,8,0.18013763427734375
RRS,97,9,-0.9018373489379883
RRS,97,10,0.6166477203369141
RRS,97,11,0.6021995544433594
RRS,97,12,-1.1334881782531738
RRS,97,13,0.751523494720459
RRS,97,14,-0.7825570106506348
RRS,98,0,-0.12105512619018555
RRS,98,1,2.531857967376709
RRS,98,2,-0.0025911331176757812
RRS,98,3,-0.6126065254211426
RRS,98,4,-2.218967914581299
RRS,98,5,-0.07565498352050781
RRS,98,6,-1.2185707092285156
RRS,98,7,-2.465514659881592
RRS,98,8,-1.1246232986450195
RRS,98,9,-2.8289570808410645
RRS,98,10,-1.5535192489624023
RRS,98,11,-2.508965015411377
RRS,98,12,0.10666418075561523
RRS,98,13,-0.7434182167053223
RRS,98,14,-2.1823434829711914
RRS,99,0,-0.7349920272827148
RRS,99,1,-0.24250030517578125
RRS,99,2,-0.5245733261108398
RRS,99,3,-2.2967662811279297
RRS,99,4,-1.3841466903686523
RRS,99,5,0.654019832611084
RRS,99,6,1.0872564315795898
RRS,99,7,0.012373566627502441
RRS,99,8,-0.9731206893920898
RRS,99,9,0.04711341857910156
RRS,99,10,-1.7881274223327637
RRS,99,11,-1.7168893814086914
RRS,99,12,-0.6271553039550781
RRS,99,13,-1.8236241340637207
RRS,99,14,0.7240018844604492
RRS,100,0,-0.7349915504455566
RRS,100,1,1.748530387878418
RRS,100,2,-0.04405021667480469
RRS,100,3,-1.1771421432495117
RRS,100,4,-2.3861093521118164
RRS,100,5,-1.3547987937927246
RRS,100,6,-2.873635768890381
RRS,100,7,-1.8020520210266113
RRS,100,8,-0.6729259490966797
RRS,100,9,-0.7855172157287598
RRS,100,10,-0.5172023773193359
RRS,100,11,-0.3137073516845703
RRS,100,12,0.14483213424682617
RRS,100,13,-0.9230051040649414
RRS,100,14,-1.138925552368164
